class,method,body,path,header,single_q,double_q,dashes,braces,spaces,badwords
bad,b'GET',b'',b'/api/v1/scans/30f4a84e-5e63-4070-8909-36ceb1e9cdc5',"{b'Host': b'sanskarkashyap:3443\r', b'Cookie': b'ui_session=2986ad8c0a5b3df4d7028d5f3c06e936c6487e5b6ce79269f4e8e4df5bbd4cd76906239582e05e17b89676301a772132bae6017ff2baeb068e200cf7a736c8501\r', b'User-Agent': b'Mozilla/5.0 (Windows NT 10.0; Win64; x64; rv:109.0) Gecko/20100101 Firefox/114.0\r', b'Accept': b'application/json, text/plain, */*\r', b'Accept-Language': b'en-US,en;q=0.5\r', b'Accept-Encoding': b'gzip, deflate\r', b'X-Auth': b'2986ad8c0a5b3df4d7028d5f3c06e936c6487e5b6ce79269f4e8e4df5bbd4cd76906239582e05e17b89676301a772132bae6017ff2baeb068e200cf7a736c8501\r', b'Referer': b'https://sanskarkashyap:3443/\r', b'Sec-Fetch-Dest': b'empty\r', b'Sec-Fetch-Mode': b'cors\r', b'Sec-Fetch-Site': b'same-origin\r', b'Te': b'trailers\r', b'Connection': b'close\r'}",0,0,16,0,26,0
bad,b'GET',b'',b'/api/v1/scans/30f4a84e-5e63-4070-8909-36ceb1e9cdc5/results/6a6a3895-0cac-4fb5-9cdc-405d8e2bb685/statistics',"{b'Host': b'sanskarkashyap:3443\r', b'Cookie': b'ui_session=2986ad8c0a5b3df4d7028d5f3c06e936c6487e5b6ce79269f4e8e4df5bbd4cd76906239582e05e17b89676301a772132bae6017ff2baeb068e200cf7a736c8501\r', b'User-Agent': b'Mozilla/5.0 (Windows NT 10.0; Win64; x64; rv:109.0) Gecko/20100101 Firefox/114.0\r', b'Accept': b'application/json, text/plain, */*\r', b'Accept-Language': b'en-US,en;q=0.5\r', b'Accept-Encoding': b'gzip, deflate\r', b'X-Auth': b'2986ad8c0a5b3df4d7028d5f3c06e936c6487e5b6ce79269f4e8e4df5bbd4cd76906239582e05e17b89676301a772132bae6017ff2baeb068e200cf7a736c8501\r', b'Referer': b'https://sanskarkashyap:3443/\r', b'Sec-Fetch-Dest': b'empty\r', b'Sec-Fetch-Mode': b'cors\r', b'Sec-Fetch-Site': b'same-origin\r', b'Te': b'trailers\r', b'Connection': b'close\r'}",0,0,20,0,26,0
bad,b'GET',b'',b'/api/v1/export_types',"{b'Host': b'sanskarkashyap:3443\r', b'Cookie': b'ui_session=2986ad8c0a5b3df4d7028d5f3c06e936c6487e5b6ce79269f4e8e4df5bbd4cd76906239582e05e17b89676301a772132bae6017ff2baeb068e200cf7a736c8501\r', b'User-Agent': b'Mozilla/5.0 (Windows NT 10.0; Win64; x64; rv:109.0) Gecko/20100101 Firefox/114.0\r', b'Accept': b'application/json, text/plain, */*\r', b'Accept-Language': b'en-US,en;q=0.5\r', b'Accept-Encoding': b'gzip, deflate\r', b'X-Auth': b'2986ad8c0a5b3df4d7028d5f3c06e936c6487e5b6ce79269f4e8e4df5bbd4cd76906239582e05e17b89676301a772132bae6017ff2baeb068e200cf7a736c8501\r', b'Referer': b'https://sanskarkashyap:3443/\r', b'Sec-Fetch-Dest': b'empty\r', b'Sec-Fetch-Mode': b'cors\r', b'Sec-Fetch-Site': b'same-origin\r', b'Te': b'trailers\r', b'Connection': b'close\r'}",0,0,12,0,26,0
bad,b'GET',b'',b'/api/v1/report_templates',"{b'Host': b'sanskarkashyap:3443\r', b'Cookie': b'ui_session=2986ad8c0a5b3df4d7028d5f3c06e936c6487e5b6ce79269f4e8e4df5bbd4cd76906239582e05e17b89676301a772132bae6017ff2baeb068e200cf7a736c8501\r', b'User-Agent': b'Mozilla/5.0 (Windows NT 10.0; Win64; x64; rv:109.0) Gecko/20100101 Firefox/114.0\r', b'Accept': b'application/json, text/plain, */*\r', b'Accept-Language': b'en-US,en;q=0.5\r', b'Accept-Encoding': b'gzip, deflate\r', b'X-Auth': b'2986ad8c0a5b3df4d7028d5f3c06e936c6487e5b6ce79269f4e8e4df5bbd4cd76906239582e05e17b89676301a772132bae6017ff2baeb068e200cf7a736c8501\r', b'Referer': b'https://sanskarkashyap:3443/\r', b'Sec-Fetch-Dest': b'empty\r', b'Sec-Fetch-Mode': b'cors\r', b'Sec-Fetch-Site': b'same-origin\r', b'Te': b'trailers\r', b'Connection': b'close\r'}",0,0,12,0,26,0
bad,b'GET',b'',b'/api/v1/notifications',"{b'Host': b'sanskarkashyap:3443\r', b'Cookie': b'ui_session=2986ad8c0a5b3df4d7028d5f3c06e936c6487e5b6ce79269f4e8e4df5bbd4cd76906239582e05e17b89676301a772132bae6017ff2baeb068e200cf7a736c8501\r', b'User-Agent': b'Mozilla/5.0 (Windows NT 10.0; Win64; x64; rv:109.0) Gecko/20100101 Firefox/114.0\r', b'Accept': b'application/json, text/plain, */*\r', b'Accept-Language': b'en-US,en;q=0.5\r', b'Accept-Encoding': b'gzip, deflate\r', b'X-Auth': b'2986ad8c0a5b3df4d7028d5f3c06e936c6487e5b6ce79269f4e8e4df5bbd4cd76906239582e05e17b89676301a772132bae6017ff2baeb068e200cf7a736c8501\r', b'Referer': b'https://sanskarkashyap:3443/\r', b'Sec-Fetch-Dest': b'empty\r', b'Sec-Fetch-Mode': b'cors\r', b'Sec-Fetch-Site': b'same-origin\r', b'Te': b'trailers\r', b'Connection': b'close\r'}",0,0,12,0,26,0
bad,b'GET',b'',b'/api/v1/me/manual_intervention/ea42690f3bcbbc62d8cad08ae7e055b1',"{b'Host': b'sanskarkashyap:3443\r', b'Cookie': b'ui_session=2986ad8c0a5b3df4d7028d5f3c06e936c6487e5b6ce79269f4e8e4df5bbd4cd76906239582e05e17b89676301a772132bae6017ff2baeb068e200cf7a736c8501\r', b'User-Agent': b'Mozilla/5.0 (Windows NT 10.0; Win64; x64; rv:109.0) Gecko/20100101 Firefox/114.0\r', b'Accept': b'application/json, text/plain, */*\r', b'Accept-Language': b'en-US,en;q=0.5\r', b'Accept-Encoding': b'gzip, deflate\r', b'X-Auth': b'2986ad8c0a5b3df4d7028d5f3c06e936c6487e5b6ce79269f4e8e4df5bbd4cd76906239582e05e17b89676301a772132bae6017ff2baeb068e200cf7a736c8501\r', b'Referer': b'https://sanskarkashyap:3443/\r', b'Sec-Fetch-Dest': b'empty\r', b'Sec-Fetch-Mode': b'cors\r', b'Sec-Fetch-Site': b'same-origin\r', b'Te': b'trailers\r', b'Connection': b'close\r'}",0,0,12,0,26,0
bad,b'GET',b'',b'/api/v1/scanning_profiles',"{b'Host': b'sanskarkashyap:3443\r', b'Cookie': b'ui_session=2986ad8c0a5b3df4d7028d5f3c06e936c6487e5b6ce79269f4e8e4df5bbd4cd76906239582e05e17b89676301a772132bae6017ff2baeb068e200cf7a736c8501\r', b'User-Agent': b'Mozilla/5.0 (Windows NT 10.0; Win64; x64; rv:109.0) Gecko/20100101 Firefox/114.0\r', b'Accept': b'application/json, text/plain, */*\r', b'Accept-Language': b'en-US,en;q=0.5\r', b'Accept-Encoding': b'gzip, deflate\r', b'X-Auth': b'2986ad8c0a5b3df4d7028d5f3c06e936c6487e5b6ce79269f4e8e4df5bbd4cd76906239582e05e17b89676301a772132bae6017ff2baeb068e200cf7a736c8501\r', b'Referer': b'https://sanskarkashyap:3443/\r', b'Sec-Fetch-Dest': b'empty\r', b'Sec-Fetch-Mode': b'cors\r', b'Sec-Fetch-Site': b'same-origin\r', b'Te': b'trailers\r', b'Connection': b'close\r'}",0,0,12,0,26,0
bad,b'GET',b'',b'/api/v1/target_groups',"{b'Host': b'sanskarkashyap:3443\r', b'Cookie': b'ui_session=2986ad8c0a5b3df4d7028d5f3c06e936c6487e5b6ce79269f4e8e4df5bbd4cd76906239582e05e17b89676301a772132bae6017ff2baeb068e200cf7a736c8501\r', b'User-Agent': b'Mozilla/5.0 (Windows NT 10.0; Win64; x64; rv:109.0) Gecko/20100101 Firefox/114.0\r', b'Accept': b'application/json, text/plain, */*\r', b'Accept-Language': b'en-US,en;q=0.5\r', b'Accept-Encoding': b'gzip, deflate\r', b'X-Auth': b'2986ad8c0a5b3df4d7028d5f3c06e936c6487e5b6ce79269f4e8e4df5bbd4cd76906239582e05e17b89676301a772132bae6017ff2baeb068e200cf7a736c8501\r', b'Referer': b'https://sanskarkashyap:3443/\r', b'Sec-Fetch-Dest': b'empty\r', b'Sec-Fetch-Mode': b'cors\r', b'Sec-Fetch-Site': b'same-origin\r', b'Te': b'trailers\r', b'Connection': b'close\r'}",0,0,12,0,26,0
bad,b'GET',b'',b'/api/v1/targets?l=20',"{b'Host': b'sanskarkashyap:3443\r', b'Cookie': b'ui_session=2986ad8c0a5b3df4d7028d5f3c06e936c6487e5b6ce79269f4e8e4df5bbd4cd76906239582e05e17b89676301a772132bae6017ff2baeb068e200cf7a736c8501\r', b'User-Agent': b'Mozilla/5.0 (Windows NT 10.0; Win64; x64; rv:109.0) Gecko/20100101 Firefox/114.0\r', b'Accept': b'application/json, text/plain, */*\r', b'Accept-Language': b'en-US,en;q=0.5\r', b'Accept-Encoding': b'gzip, deflate\r', b'X-Auth': b'2986ad8c0a5b3df4d7028d5f3c06e936c6487e5b6ce79269f4e8e4df5bbd4cd76906239582e05e17b89676301a772132bae6017ff2baeb068e200cf7a736c8501\r', b'Referer': b'https://sanskarkashyap:3443/\r', b'Sec-Fetch-Dest': b'empty\r', b'Sec-Fetch-Mode': b'cors\r', b'Sec-Fetch-Site': b'same-origin\r', b'Te': b'trailers\r', b'Connection': b'close\r'}",0,0,12,0,26,0
bad,b'GET',b'',b'/data/guide.js/c3c5895e-585b-4bd7-4e19-6f51bab34f7a?id=122&jzb=eJyVj71u6zAMhd9FXYvol9K1t46di84BJVGOkVzZkOQAReF3j9LBc7sRB_wOP36z-1zntpT3yEbmBKhI0pIICYJNyThLzmuCQQWvYNBaorGOvTIMYdly-8GsFUOS6IVzEkAAmQE1YQwBIXovXXCQpFUd28qtA5fW1jpyXjHXK5Yr1ssXrqM2RvMX3rBM1Grf_k8NIzZk4-H5HOc_ut4wTxtO1CnK588Pth_-R92vf-jsioVyezsaetQtn_UCuLBcCaX72TuVOi-5x-ok_7mTOK9liWzfH2Z9bzQ&v=2.187.0_prod&ct=1685937379749',"{b'Host': b'data.pendo.io\r', b'User-Agent': b'Mozilla/5.0 (Windows NT 10.0; Win64; x64; rv:109.0) Gecko/20100101 Firefox/114.0\r', b'Accept': b'*/*\r', b'Accept-Language': b'en-US,en;q=0.5\r', b'Accept-Encoding': b'gzip, deflate\r', b'Referer': b'https://sanskarkashyap:3443/\r', b'Sec-Fetch-Dest': b'script\r', b'Sec-Fetch-Mode': b'no-cors\r', b'Sec-Fetch-Site': b'cross-site\r', b'Te': b'trailers\r'}",0,0,23,0,21,1
bad,b'GET',b'',b'/data/guide.js/c3c5895e-585b-4bd7-4e19-6f51bab34f7a?id=123&jzb=eJyVj7tu6zAQRP-FaQPzueSVupSpg9TGklzKgn0pgaQMBIH-3XQK1Um3GOCcnflm97nObSnvkY3MCVCRpCUREgSbknGWnNcEgwpewaC1RGMde2UYwrLl9oNZK4Yk0QvnJIAAMgNqwhgCQvReuuAgSas6tpVbBy6trXXkvGKuVyxXrJcvXEdtjOYvvGGZqFWOMXbiPzWM2JCNR9fnOf-x7w3ztOFEnaJ8_vxg-7Hh0P16R2dXLJTb22HoUW_51AvgwnIllO5v71TqvOQeq5P8507ivJYlsn1_AElucIw&v=2.187.0_prod&ct=1685937381663',"{b'Host': b'data.pendo.io\r', b'User-Agent': b'Mozilla/5.0 (Windows NT 10.0; Win64; x64; rv:109.0) Gecko/20100101 Firefox/114.0\r', b'Accept': b'*/*\r', b'Accept-Language': b'en-US,en;q=0.5\r', b'Accept-Encoding': b'gzip, deflate\r', b'Referer': b'https://sanskarkashyap:3443/\r', b'Sec-Fetch-Dest': b'script\r', b'Sec-Fetch-Mode': b'no-cors\r', b'Sec-Fetch-Site': b'cross-site\r', b'Te': b'trailers\r'}",0,0,20,0,21,1
bad,b'GET',b'',b'/api/v1/targets/161d4bec-65fb-4ad0-8092-776cc0aa6faf',"{b'Host': b'sanskarkashyap:3443\r', b'Cookie': b'ui_session=2986ad8c0a5b3df4d7028d5f3c06e936c6487e5b6ce79269f4e8e4df5bbd4cd76906239582e05e17b89676301a772132bae6017ff2baeb068e200cf7a736c8501\r', b'User-Agent': b'Mozilla/5.0 (Windows NT 10.0; Win64; x64; rv:109.0) Gecko/20100101 Firefox/114.0\r', b'Accept': b'application/json, text/plain, */*\r', b'Accept-Language': b'en-US,en;q=0.5\r', b'Accept-Encoding': b'gzip, deflate\r', b'X-Auth': b'2986ad8c0a5b3df4d7028d5f3c06e936c6487e5b6ce79269f4e8e4df5bbd4cd76906239582e05e17b89676301a772132bae6017ff2baeb068e200cf7a736c8501\r', b'Referer': b'https://sanskarkashyap:3443/\r', b'Sec-Fetch-Dest': b'empty\r', b'Sec-Fetch-Mode': b'cors\r', b'Sec-Fetch-Site': b'same-origin\r', b'Te': b'trailers\r', b'Connection': b'close\r'}",0,0,16,0,26,0
bad,b'GET',b'',b'/api/v1/targets/161d4bec-65fb-4ad0-8092-776cc0aa6faf/configuration',"{b'Host': b'sanskarkashyap:3443\r', b'Cookie': b'ui_session=2986ad8c0a5b3df4d7028d5f3c06e936c6487e5b6ce79269f4e8e4df5bbd4cd76906239582e05e17b89676301a772132bae6017ff2baeb068e200cf7a736c8501\r', b'User-Agent': b'Mozilla/5.0 (Windows NT 10.0; Win64; x64; rv:109.0) Gecko/20100101 Firefox/114.0\r', b'Accept': b'application/json, text/plain, */*\r', b'Accept-Language': b'en-US,en;q=0.5\r', b'Accept-Encoding': b'gzip, deflate\r', b'X-Auth': b'2986ad8c0a5b3df4d7028d5f3c06e936c6487e5b6ce79269f4e8e4df5bbd4cd76906239582e05e17b89676301a772132bae6017ff2baeb068e200cf7a736c8501\r', b'Referer': b'https://sanskarkashyap:3443/\r', b'Sec-Fetch-Dest': b'empty\r', b'Sec-Fetch-Mode': b'cors\r', b'Sec-Fetch-Site': b'same-origin\r', b'Te': b'trailers\r', b'Connection': b'close\r'}",0,0,16,0,26,0
bad,b'GET',b'',b'/api/v1/targets/161d4bec-65fb-4ad0-8092-776cc0aa6faf/allowed_hosts',"{b'Host': b'sanskarkashyap:3443\r', b'Cookie': b'ui_session=2986ad8c0a5b3df4d7028d5f3c06e936c6487e5b6ce79269f4e8e4df5bbd4cd76906239582e05e17b89676301a772132bae6017ff2baeb068e200cf7a736c8501\r', b'User-Agent': b'Mozilla/5.0 (Windows NT 10.0; Win64; x64; rv:109.0) Gecko/20100101 Firefox/114.0\r', b'Accept': b'application/json, text/plain, */*\r', b'Accept-Language': b'en-US,en;q=0.5\r', b'Accept-Encoding': b'gzip, deflate\r', b'X-Auth': b'2986ad8c0a5b3df4d7028d5f3c06e936c6487e5b6ce79269f4e8e4df5bbd4cd76906239582e05e17b89676301a772132bae6017ff2baeb068e200cf7a736c8501\r', b'Referer': b'https://sanskarkashyap:3443/\r', b'Sec-Fetch-Dest': b'empty\r', b'Sec-Fetch-Mode': b'cors\r', b'Sec-Fetch-Site': b'same-origin\r', b'Te': b'trailers\r', b'Connection': b'close\r'}",0,0,16,0,26,0
bad,b'GET',b'',b'/api/v1/targets/161d4bec-65fb-4ad0-8092-776cc0aa6faf/continuous_scan',"{b'Host': b'sanskarkashyap:3443\r', b'Cookie': b'ui_session=2986ad8c0a5b3df4d7028d5f3c06e936c6487e5b6ce79269f4e8e4df5bbd4cd76906239582e05e17b89676301a772132bae6017ff2baeb068e200cf7a736c8501\r', b'User-Agent': b'Mozilla/5.0 (Windows NT 10.0; Win64; x64; rv:109.0) Gecko/20100101 Firefox/114.0\r', b'Accept': b'application/json, text/plain, */*\r', b'Accept-Language': b'en-US,en;q=0.5\r', b'Accept-Encoding': b'gzip, deflate\r', b'X-Auth': b'2986ad8c0a5b3df4d7028d5f3c06e936c6487e5b6ce79269f4e8e4df5bbd4cd76906239582e05e17b89676301a772132bae6017ff2baeb068e200cf7a736c8501\r', b'Referer': b'https://sanskarkashyap:3443/\r', b'Sec-Fetch-Dest': b'empty\r', b'Sec-Fetch-Mode': b'cors\r', b'Sec-Fetch-Site': b'same-origin\r', b'Te': b'trailers\r', b'Connection': b'close\r'}",0,0,16,0,26,0
bad,b'GET',b'',b'/api/v1/workers',"{b'Host': b'sanskarkashyap:3443\r', b'Cookie': b'ui_session=2986ad8c0a5b3df4d7028d5f3c06e936c6487e5b6ce79269f4e8e4df5bbd4cd76906239582e05e17b89676301a772132bae6017ff2baeb068e200cf7a736c8501\r', b'User-Agent': b'Mozilla/5.0 (Windows NT 10.0; Win64; x64; rv:109.0) Gecko/20100101 Firefox/114.0\r', b'Accept': b'application/json, text/plain, */*\r', b'Accept-Language': b'en-US,en;q=0.5\r', b'Accept-Encoding': b'gzip, deflate\r', b'X-Auth': b'2986ad8c0a5b3df4d7028d5f3c06e936c6487e5b6ce79269f4e8e4df5bbd4cd76906239582e05e17b89676301a772132bae6017ff2baeb068e200cf7a736c8501\r', b'Referer': b'https://sanskarkashyap:3443/\r', b'Sec-Fetch-Dest': b'empty\r', b'Sec-Fetch-Mode': b'cors\r', b'Sec-Fetch-Site': b'same-origin\r', b'Te': b'trailers\r', b'Connection': b'close\r'}",0,0,12,0,26,0
bad,b'GET',b'',b'/api/v1/targets/161d4bec-65fb-4ad0-8092-776cc0aa6faf/configuration/workers',"{b'Host': b'sanskarkashyap:3443\r', b'Cookie': b'ui_session=2986ad8c0a5b3df4d7028d5f3c06e936c6487e5b6ce79269f4e8e4df5bbd4cd76906239582e05e17b89676301a772132bae6017ff2baeb068e200cf7a736c8501\r', b'User-Agent': b'Mozilla/5.0 (Windows NT 10.0; Win64; x64; rv:109.0) Gecko/20100101 Firefox/114.0\r', b'Accept': b'application/json, text/plain, */*\r', b'Accept-Language': b'en-US,en;q=0.5\r', b'Accept-Encoding': b'gzip, deflate\r', b'X-Auth': b'2986ad8c0a5b3df4d7028d5f3c06e936c6487e5b6ce79269f4e8e4df5bbd4cd76906239582e05e17b89676301a772132bae6017ff2baeb068e200cf7a736c8501\r', b'Referer': b'https://sanskarkashyap:3443/\r', b'Sec-Fetch-Dest': b'empty\r', b'Sec-Fetch-Mode': b'cors\r', b'Sec-Fetch-Site': b'same-origin\r', b'Te': b'trailers\r', b'Connection': b'close\r'}",0,0,16,0,26,0
bad,b'GET',b'',b'/data/guide.js/c3c5895e-585b-4bd7-4e19-6f51bab34f7a?id=124&jzb=eJyVjz9vwyAQR78LXetw_I-9dexcdY4OOBIrKbaARKqqfPeQDp7b7fST3oP3w25zndtS3iObmAMjIwlLEJIJNiXtLDmvyIwyeGlGpQRq69grwxCWa26_mLUwJoEenBPGgCE9oiKMIaCJ3gsXnEnCyo5dy6UDp9bWOnFeMdczljPW0zeuk9Ja8RfesBypVS6siNpTGKxJftAYYdjDKAfnbAiAaBOmrvyihhEbsmmLeZ7zP4MumI9XPFKnKB8-P9h9i9x0fw7t7IqFcnvbDH3qv3zqwXCwXIJU_dkblTovuc9yJ_ZuB4e1LJHd7w-JxHlf&v=2.187.0_prod&ct=1685937404590',"{b'Host': b'data.pendo.io\r', b'User-Agent': b'Mozilla/5.0 (Windows NT 10.0; Win64; x64; rv:109.0) Gecko/20100101 Firefox/114.0\r', b'Accept': b'*/*\r', b'Accept-Language': b'en-US,en;q=0.5\r', b'Accept-Encoding': b'gzip, deflate\r', b'Referer': b'https://sanskarkashyap:3443/\r', b'Sec-Fetch-Dest': b'script\r', b'Sec-Fetch-Mode': b'no-cors\r', b'Sec-Fetch-Site': b'cross-site\r', b'Te': b'trailers\r'}",0,0,19,0,21,1
bad,b'GET',b'',b'/api/v1/config/networkscanner',"{b'Host': b'sanskarkashyap:3443\r', b'Cookie': b'ui_session=2986ad8c0a5b3df4d7028d5f3c06e936c6487e5b6ce79269f4e8e4df5bbd4cd76906239582e05e17b89676301a772132bae6017ff2baeb068e200cf7a736c8501\r', b'User-Agent': b'Mozilla/5.0 (Windows NT 10.0; Win64; x64; rv:109.0) Gecko/20100101 Firefox/114.0\r', b'Accept': b'application/json, text/plain, */*\r', b'Accept-Language': b'en-US,en;q=0.5\r', b'Accept-Encoding': b'gzip, deflate\r', b'X-Auth': b'2986ad8c0a5b3df4d7028d5f3c06e936c6487e5b6ce79269f4e8e4df5bbd4cd76906239582e05e17b89676301a772132bae6017ff2baeb068e200cf7a736c8501\r', b'Referer': b'https://sanskarkashyap:3443/\r', b'Sec-Fetch-Dest': b'empty\r', b'Sec-Fetch-Mode': b'cors\r', b'Sec-Fetch-Site': b'same-origin\r', b'Te': b'trailers\r', b'Connection': b'close\r'}",0,0,12,0,26,0
bad,b'GET',b'',b'/api/v1/targets/161d4bec-65fb-4ad0-8092-776cc0aa6faf/configuration/imports',"{b'Host': b'sanskarkashyap:3443\r', b'Cookie': b'ui_session=2986ad8c0a5b3df4d7028d5f3c06e936c6487e5b6ce79269f4e8e4df5bbd4cd76906239582e05e17b89676301a772132bae6017ff2baeb068e200cf7a736c8501\r', b'User-Agent': b'Mozilla/5.0 (Windows NT 10.0; Win64; x64; rv:109.0) Gecko/20100101 Firefox/114.0\r', b'Accept': b'application/json, text/plain, */*\r', b'Accept-Language': b'en-US,en;q=0.5\r', b'Accept-Encoding': b'gzip, deflate\r', b'X-Auth': b'2986ad8c0a5b3df4d7028d5f3c06e936c6487e5b6ce79269f4e8e4df5bbd4cd76906239582e05e17b89676301a772132bae6017ff2baeb068e200cf7a736c8501\r', b'Referer': b'https://sanskarkashyap:3443/\r', b'Sec-Fetch-Dest': b'empty\r', b'Sec-Fetch-Mode': b'cors\r', b'Sec-Fetch-Site': b'same-origin\r', b'Te': b'trailers\r', b'Connection': b'close\r'}",0,0,16,0,26,0
bad,b'GET',b'',b'/api/v1/targets/161d4bec-65fb-4ad0-8092-776cc0aa6faf/configuration/client_certificate',"{b'Host': b'sanskarkashyap:3443\r', b'Cookie': b'ui_session=2986ad8c0a5b3df4d7028d5f3c06e936c6487e5b6ce79269f4e8e4df5bbd4cd76906239582e05e17b89676301a772132bae6017ff2baeb068e200cf7a736c8501\r', b'User-Agent': b'Mozilla/5.0 (Windows NT 10.0; Win64; x64; rv:109.0) Gecko/20100101 Firefox/114.0\r', b'Accept': b'application/json, text/plain, */*\r', b'Accept-Language': b'en-US,en;q=0.5\r', b'Accept-Encoding': b'gzip, deflate\r', b'X-Auth': b'2986ad8c0a5b3df4d7028d5f3c06e936c6487e5b6ce79269f4e8e4df5bbd4cd76906239582e05e17b89676301a772132bae6017ff2baeb068e200cf7a736c8501\r', b'Referer': b'https://sanskarkashyap:3443/\r', b'Sec-Fetch-Dest': b'empty\r', b'Sec-Fetch-Mode': b'cors\r', b'Sec-Fetch-Site': b'same-origin\r', b'Te': b'trailers\r', b'Connection': b'close\r'}",0,0,16,0,26,0
bad,b'GET',b'',b'/api/v1/scans/af8a41ee-ba16-4eb6-8eb4-ebdb4c804652',"{b'Host': b'sanskarkashyap:3443\r', b'Cookie': b'ui_session=2986ad8c0a5b3df4d7028d5f3c06e936c6487e5b6ce79269f4e8e4df5bbd4cd76906239582e05e17b89676301a772132bae6017ff2baeb068e200cf7a736c8501\r', b'User-Agent': b'Mozilla/5.0 (Windows NT 10.0; Win64; x64; rv:109.0) Gecko/20100101 Firefox/114.0\r', b'Accept': b'application/json, text/plain, */*\r', b'Accept-Language': b'en-US,en;q=0.5\r', b'Accept-Encoding': b'gzip, deflate\r', b'X-Auth': b'2986ad8c0a5b3df4d7028d5f3c06e936c6487e5b6ce79269f4e8e4df5bbd4cd76906239582e05e17b89676301a772132bae6017ff2baeb068e200cf7a736c8501\r', b'Referer': b'https://sanskarkashyap:3443/\r', b'Sec-Fetch-Dest': b'empty\r', b'Sec-Fetch-Mode': b'cors\r', b'Sec-Fetch-Site': b'same-origin\r', b'Te': b'trailers\r', b'Connection': b'close\r'}",0,0,16,0,26,0
bad,b'GET',b'',b'/data/guide.js/c3c5895e-585b-4bd7-4e19-6f51bab34f7a?id=125&jzb=eJyVjz9vwyAQR78LXevw98D21rFz1Tk64EispNgyOFJV5buHdPDcbqef9B68H3abylTn9T2ykTkBKpK0JEKCYFMyzpLzmmBQwSsYtJZorGOvDEOYt1x_MWvFkCR64ZwEEEBmQE0YQ0CI3ksXHCRpVcO29dqAc61LGTkvmMsF1wuW8zcuozZG8xdeQps5ph6NJOo8StsZ8rbryZuOfPQm9MJYUHzKaW7WL6oYsSIb957nOf2z6Yr5tOGJGkX5-PnB7nvnrvtza2MXXCnXt93QpvbLp14AF5YroXR79kZrmebcZnWQvTuI47LOkd3vDznaeoo&v=2.187.0_prod&ct=1685937414746',"{b'Host': b'data.pendo.io\r', b'User-Agent': b'Mozilla/5.0 (Windows NT 10.0; Win64; x64; rv:109.0) Gecko/20100101 Firefox/114.0\r', b'Accept': b'*/*\r', b'Accept-Language': b'en-US,en;q=0.5\r', b'Accept-Encoding': b'gzip, deflate\r', b'Referer': b'https://sanskarkashyap:3443/\r', b'Sec-Fetch-Dest': b'script\r', b'Sec-Fetch-Mode': b'no-cors\r', b'Sec-Fetch-Site': b'cross-site\r', b'Te': b'trailers\r'}",0,0,17,0,21,1
bad,b'GET',b'',b'/api/v1/scans/af8a41ee-ba16-4eb6-8eb4-ebdb4c804652/results/de95b28a-308d-4a18-8983-16a12767b8a2/statistics',"{b'Host': b'sanskarkashyap:3443\r', b'Cookie': b'ui_session=2986ad8c0a5b3df4d7028d5f3c06e936c6487e5b6ce79269f4e8e4df5bbd4cd76906239582e05e17b89676301a772132bae6017ff2baeb068e200cf7a736c8501\r', b'User-Agent': b'Mozilla/5.0 (Windows NT 10.0; Win64; x64; rv:109.0) Gecko/20100101 Firefox/114.0\r', b'Accept': b'application/json, text/plain, */*\r', b'Accept-Language': b'en-US,en;q=0.5\r', b'Accept-Encoding': b'gzip, deflate\r', b'X-Auth': b'2986ad8c0a5b3df4d7028d5f3c06e936c6487e5b6ce79269f4e8e4df5bbd4cd76906239582e05e17b89676301a772132bae6017ff2baeb068e200cf7a736c8501\r', b'Referer': b'https://sanskarkashyap:3443/\r', b'Sec-Fetch-Dest': b'empty\r', b'Sec-Fetch-Mode': b'cors\r', b'Sec-Fetch-Site': b'same-origin\r', b'Te': b'trailers\r', b'Connection': b'close\r'}",0,0,20,0,26,0
bad,b'GET',b'',b'/v1/tiles',"{b'Host': b'contile.services.mozilla.com\r', b'User-Agent': b'Mozilla/5.0 (Windows NT 10.0; Win64; x64; rv:109.0) Gecko/20100101 Firefox/114.0\r', b'Accept': b'*/*\r', b'Accept-Language': b'en-US,en;q=0.5\r', b'Accept-Encoding': b'gzip, deflate\r', b'Sec-Fetch-Dest': b'empty\r', b'Sec-Fetch-Mode': b'cors\r', b'Sec-Fetch-Site': b'cross-site\r', b'Te': b'trailers\r'}",0,0,11,0,20,0
bad,b'GET',b'',b'/api/v1/vulnerability_types',"{b'Host': b'sanskarkashyap:3443\r', b'Cookie': b'ui_session=2986ad8c0a5b3df4d7028d5f3c06e936c6487e5b6ce79269f4e8e4df5bbd4cd76906239582e05e17b89676301a772132bae6017ff2baeb068e200cf7a736c8501\r', b'User-Agent': b'Mozilla/5.0 (Windows NT 10.0; Win64; x64; rv:109.0) Gecko/20100101 Firefox/114.0\r', b'Accept': b'application/json, text/plain, */*\r', b'Accept-Language': b'en-US,en;q=0.5\r', b'Accept-Encoding': b'gzip, deflate\r', b'X-Auth': b'2986ad8c0a5b3df4d7028d5f3c06e936c6487e5b6ce79269f4e8e4df5bbd4cd76906239582e05e17b89676301a772132bae6017ff2baeb068e200cf7a736c8501\r', b'Referer': b'https://sanskarkashyap:3443/\r', b'Sec-Fetch-Dest': b'empty\r', b'Sec-Fetch-Mode': b'cors\r', b'Sec-Fetch-Site': b'same-origin\r', b'Te': b'trailers\r', b'Connection': b'close\r'}",0,0,12,0,26,0
bad,b'GET',b'',b'/api/v1/scans/af8a41ee-ba16-4eb6-8eb4-ebdb4c804652/results/de95b28a-308d-4a18-8983-16a12767b8a2/vulnerabilities?l=20&s=severity:desc',"{b'Host': b'sanskarkashyap:3443\r', b'Cookie': b'ui_session=2986ad8c0a5b3df4d7028d5f3c06e936c6487e5b6ce79269f4e8e4df5bbd4cd76906239582e05e17b89676301a772132bae6017ff2baeb068e200cf7a736c8501\r', b'User-Agent': b'Mozilla/5.0 (Windows NT 10.0; Win64; x64; rv:109.0) Gecko/20100101 Firefox/114.0\r', b'Accept': b'application/json, text/plain, */*\r', b'Accept-Language': b'en-US,en;q=0.5\r', b'Accept-Encoding': b'gzip, deflate\r', b'X-Auth': b'2986ad8c0a5b3df4d7028d5f3c06e936c6487e5b6ce79269f4e8e4df5bbd4cd76906239582e05e17b89676301a772132bae6017ff2baeb068e200cf7a736c8501\r', b'Referer': b'https://sanskarkashyap:3443/\r', b'Sec-Fetch-Dest': b'empty\r', b'Sec-Fetch-Mode': b'cors\r', b'Sec-Fetch-Site': b'same-origin\r', b'Te': b'trailers\r', b'Connection': b'close\r'}",0,0,20,0,26,0
bad,b'GET',b'',b'/api/v1/scans/af8a41ee-ba16-4eb6-8eb4-ebdb4c804652/results/de95b28a-308d-4a18-8983-16a12767b8a2/vulnerabilities/3118191533048726670',"{b'Host': b'sanskarkashyap:3443\r', b'Cookie': b'ui_session=2986ad8c0a5b3df4d7028d5f3c06e936c6487e5b6ce79269f4e8e4df5bbd4cd76906239582e05e17b89676301a772132bae6017ff2baeb068e200cf7a736c8501\r', b'User-Agent': b'Mozilla/5.0 (Windows NT 10.0; Win64; x64; rv:109.0) Gecko/20100101 Firefox/114.0\r', b'Accept': b'application/json, text/plain, */*\r', b'Accept-Language': b'en-US,en;q=0.5\r', b'Accept-Encoding': b'gzip, deflate\r', b'X-Auth': b'2986ad8c0a5b3df4d7028d5f3c06e936c6487e5b6ce79269f4e8e4df5bbd4cd76906239582e05e17b89676301a772132bae6017ff2baeb068e200cf7a736c8501\r', b'Referer': b'https://sanskarkashyap:3443/\r', b'Sec-Fetch-Dest': b'empty\r', b'Sec-Fetch-Mode': b'cors\r', b'Sec-Fetch-Site': b'same-origin\r', b'Te': b'trailers\r', b'Connection': b'close\r'}",0,0,20,0,26,0
bad,b'GET',b'',b'/data/guide.js/c3c5895e-585b-4bd7-4e19-6f51bab34f7a?id=126&jzb=eJyVkL1uwzAQg99FXevo98f21rFz0Tk4SedEiCsbkmygKPLuUTp4brcDgY888ofsscS65PdARmKZFgG5QeYn7c00KWvQOol6EN4JPUjJQRlLXgl4v2yp_mLGsGHi4Ji1XGumUQ0gEYL3oINz3HqrJ25Ew7Y8N-Ba61pGSgukcoN8g3L9hnWUSkn6QotvMoWpB8UROwfcdAqd6Xp0qkMXnPI9U0YLum9zwgwuzrFGLFRy3vOBaymZ6q0wxrIW-oUVAlQg41H3ecZ_Vp4hXTa4YKMwnT8_yP2Y4bD78xSNXSFjqm-HQ5Pal097pikzVDAhW-yOucQlNVmceG9P7LzmJZD7_QFLb4M6&v=2.187.0_prod&ct=1685937486149',"{b'Host': b'data.pendo.io\r', b'User-Agent': b'Mozilla/5.0 (Windows NT 10.0; Win64; x64; rv:109.0) Gecko/20100101 Firefox/114.0\r', b'Accept': b'*/*\r', b'Accept-Language': b'en-US,en;q=0.5\r', b'Accept-Encoding': b'gzip, deflate\r', b'Referer': b'https://sanskarkashyap:3443/\r', b'Sec-Fetch-Dest': b'script\r', b'Sec-Fetch-Mode': b'no-cors\r', b'Sec-Fetch-Site': b'cross-site\r', b'Te': b'trailers\r'}",0,0,20,0,21,1
bad,b'GET',b'',b'/api/v1/scans/af8a41ee-ba16-4eb6-8eb4-ebdb4c804652/results/de95b28a-308d-4a18-8983-16a12767b8a2/vulnerabilities/3118191533048726670/http_response',"{b'Host': b'sanskarkashyap:3443\r', b'Cookie': b'ui_session=2986ad8c0a5b3df4d7028d5f3c06e936c6487e5b6ce79269f4e8e4df5bbd4cd76906239582e05e17b89676301a772132bae6017ff2baeb068e200cf7a736c8501\r', b'User-Agent': b'Mozilla/5.0 (Windows NT 10.0; Win64; x64; rv:109.0) Gecko/20100101 Firefox/114.0\r', b'Accept': b'application/json, text/plain, */*\r', b'Accept-Language': b'en-US,en;q=0.5\r', b'Accept-Encoding': b'gzip, deflate\r', b'X-Auth': b'2986ad8c0a5b3df4d7028d5f3c06e936c6487e5b6ce79269f4e8e4df5bbd4cd76906239582e05e17b89676301a772132bae6017ff2baeb068e200cf7a736c8501\r', b'Referer': b'https://sanskarkashyap:3443/\r', b'Sec-Fetch-Dest': b'empty\r', b'Sec-Fetch-Mode': b'cors\r', b'Sec-Fetch-Site': b'same-origin\r', b'Te': b'trailers\r', b'Connection': b'close\r'}",0,0,20,0,26,0
bad,b'GET',b'',b'/data/guide.js/c3c5895e-585b-4bd7-4e19-6f51bab34f7a?id=127&jzb=eJyVj71u6zAMhd9FXYvol9K1t46di84BJVGOkVzZkOQAReF3j9LBc7sRB_wOP36z-1zntpT3yEbmBKhI0pIICYJNyThLzmuCQQWvYNBaorGOvTIMYdly-8GsFUOS6IVzEkAAmQE1YQwBIXovXXCQpFUd28qtA5fW1jpyXjHXK5Yr1ssXrqM2RvMX3rBM1Grf_k8NIzZk4-H5HOc_ut4wTxtO1CnK588Pth_-R92vf-jsioVyezsaetQtn_UCuLBcCaX72TuVOi-5x-ok_7mTOK9liWzfH2Z9bzQ&v=2.187.0_prod&ct=1685937539841',"{b'Host': b'data.pendo.io\r', b'User-Agent': b'Mozilla/5.0 (Windows NT 10.0; Win64; x64; rv:109.0) Gecko/20100101 Firefox/114.0\r', b'Accept': b'*/*\r', b'Accept-Language': b'en-US,en;q=0.5\r', b'Accept-Encoding': b'gzip, deflate\r', b'Referer': b'https://sanskarkashyap:3443/\r', b'Sec-Fetch-Dest': b'script\r', b'Sec-Fetch-Mode': b'no-cors\r', b'Sec-Fetch-Site': b'cross-site\r', b'Te': b'trailers\r'}",0,0,23,0,21,1
bad,b'GET',b'',b'/data/guide.js/c3c5895e-585b-4bd7-4e19-6f51bab34f7a?id=128&jzb=eJyVjz9vwyAQR78LXevw98D21rFz1Tk64EispNgyOFJV5buHdPDcbqef9B68H3abylTn9T2ykTkBKpK0JEKCYFMyzpLzmmBQwSsYtJZorGOvDEOYt1x_MWvFkCR64ZwEEEBmQE0YQ0CI3ksXHCRpVcO29dqAc61LGTkvmMsF1wuW8zcuozZG8xdeQps5ph6NJOo8StsZ8rbryZuOfPQm9MJYUHzKaW7WL6oYsSIb957nOf2z6Yr5tOGJGkX5-PnB7nvnrvtza2MXXCnXt93QpvbLp14AF5YroXR79kZrmebcZnWQvTuI47LOkd3vDznaeoo&v=2.187.0_prod&ct=1685937547389',"{b'Host': b'data.pendo.io\r', b'User-Agent': b'Mozilla/5.0 (Windows NT 10.0; Win64; x64; rv:109.0) Gecko/20100101 Firefox/114.0\r', b'Accept': b'*/*\r', b'Accept-Language': b'en-US,en;q=0.5\r', b'Accept-Encoding': b'gzip, deflate\r', b'Referer': b'https://sanskarkashyap:3443/\r', b'Sec-Fetch-Dest': b'script\r', b'Sec-Fetch-Mode': b'no-cors\r', b'Sec-Fetch-Site': b'cross-site\r', b'Te': b'trailers\r'}",0,0,17,0,21,1
bad,b'GET',b'',b'/data/guide.js/c3c5895e-585b-4bd7-4e19-6f51bab34f7a?id=129&jzb=eJyVj71u6zAMhd9FXYvol9K1t46di84BJVGOkVzZkOQAReF3j9LBc7sRB_wOP36z-1zntpT3yEbmBKhI0pIICYJNyThLzmuCQQWvYNBaorGOvTIMYdly-8GsFUOS6IVzEkAAmQE1YQwBIXovXXCQpFUd28qtA5fW1jpyXjHXK5Yr1ssXrqM2RvMX3rBM1Grf_k8NIzZk4-H5HOc_ut4wTxtO1CnK588Pth_-R92vf-jsioVyezsaetQtn_UCuLBcCaX72TuVOi-5x-ok_7mTOK9liWzfH2Z9bzQ&v=2.187.0_prod&ct=1685937550578',"{b'Host': b'data.pendo.io\r', b'User-Agent': b'Mozilla/5.0 (Windows NT 10.0; Win64; x64; rv:109.0) Gecko/20100101 Firefox/114.0\r', b'Accept': b'*/*\r', b'Accept-Language': b'en-US,en;q=0.5\r', b'Accept-Encoding': b'gzip, deflate\r', b'Referer': b'https://sanskarkashyap:3443/\r', b'Sec-Fetch-Dest': b'script\r', b'Sec-Fetch-Mode': b'no-cors\r', b'Sec-Fetch-Site': b'cross-site\r', b'Te': b'trailers\r'}",0,0,23,0,21,1
bad,b'GET',b'',b'/data/guide.js/c3c5895e-585b-4bd7-4e19-6f51bab34f7a?id=130&jzb=eJyVjz9vwyAQR78LXetw_A_eOnauOkdnOBIrKbaARKqqfPeQDp7b7fST3oP3w25zndtS3iMbmQMjIwlLEJIJNiXtLLlJkfEyTNJ4pQRq69grwxCWa26_mLXgk8AJnBPGgCHtURHGENDEaRIuOJOElR27lksHTq2tdeS8Yq5nLGesp29cR6W14i-8hj5zBUnjXtNgyKpBg4Nh78EPygaaBPkQg-FzTku3flHDiA3ZuPU8z_mfTRfMxyseqVOUD58f7L51bro_t3Z2xUK5vW2GPvVfPvVgOFguQar-7I1KnZfcZ7kTe7eDw1qWyO73B1Uzeag&v=2.187.0_prod&ct=1685937552711',"{b'Host': b'data.pendo.io\r', b'User-Agent': b'Mozilla/5.0 (Windows NT 10.0; Win64; x64; rv:109.0) Gecko/20100101 Firefox/114.0\r', b'Accept': b'*/*\r', b'Accept-Language': b'en-US,en;q=0.5\r', b'Accept-Encoding': b'gzip, deflate\r', b'Referer': b'https://sanskarkashyap:3443/\r', b'Sec-Fetch-Dest': b'script\r', b'Sec-Fetch-Mode': b'no-cors\r', b'Sec-Fetch-Site': b'cross-site\r', b'Te': b'trailers\r'}",0,0,19,0,21,1
bad,b'GET',b'',b'/api/v1/scans/30f4a84e-5e63-4070-8909-36ceb1e9cdc5/results/6a6a3895-0cac-4fb5-9cdc-405d8e2bb685/vulnerabilities?l=20&s=severity:desc',"{b'Host': b'sanskarkashyap:3443\r', b'Cookie': b'ui_session=2986ad8c0a5b3df4d7028d5f3c06e936c6487e5b6ce79269f4e8e4df5bbd4cd76906239582e05e17b89676301a772132bae6017ff2baeb068e200cf7a736c8501\r', b'User-Agent': b'Mozilla/5.0 (Windows NT 10.0; Win64; x64; rv:109.0) Gecko/20100101 Firefox/114.0\r', b'Accept': b'application/json, text/plain, */*\r', b'Accept-Language': b'en-US,en;q=0.5\r', b'Accept-Encoding': b'gzip, deflate\r', b'X-Auth': b'2986ad8c0a5b3df4d7028d5f3c06e936c6487e5b6ce79269f4e8e4df5bbd4cd76906239582e05e17b89676301a772132bae6017ff2baeb068e200cf7a736c8501\r', b'Referer': b'https://sanskarkashyap:3443/\r', b'Sec-Fetch-Dest': b'empty\r', b'Sec-Fetch-Mode': b'cors\r', b'Sec-Fetch-Site': b'same-origin\r', b'Te': b'trailers\r', b'Connection': b'close\r'}",0,0,20,0,26,0
bad,b'GET',b'',b'/data/guide.js/c3c5895e-585b-4bd7-4e19-6f51bab34f7a?id=131&jzb=eJyVjztuwzAQRO_CtJH5_ZjqUqYOUhtLcmUTViiBpAwEge9uOoXqpFsM8Gb2_ZBbqqkt5T2SkVimRURukIVJBzNNyhq0XqJ2InihnZQclLHklUAIy5bbL2YMcxMHz6zlWjONyoFEiCGAjt5zG6yeuBEd28rcgUtrax0prZDrFcoV6uUb1lEqJekLraHHVLJJwVHhoNHIQTHLhqNjbpAmoOfoQgya3rY5YwGf5tQS1j7whQ0iNCDjrvY80z_1ZsjnDc7YKcynzw9y35X3uj9rd3aFgrm97Q096l8-65mmzFDBhOyzNyw1LbnH4sCP9sBOa1kiud8f3B5-Tg&v=2.187.0_prod&ct=1685937568337',"{b'Host': b'data.pendo.io\r', b'User-Agent': b'Mozilla/5.0 (Windows NT 10.0; Win64; x64; rv:109.0) Gecko/20100101 Firefox/114.0\r', b'Accept': b'*/*\r', b'Accept-Language': b'en-US,en;q=0.5\r', b'Accept-Encoding': b'gzip, deflate\r', b'Referer': b'https://sanskarkashyap:3443/\r', b'Sec-Fetch-Dest': b'script\r', b'Sec-Fetch-Mode': b'no-cors\r', b'Sec-Fetch-Site': b'cross-site\r', b'Te': b'trailers\r'}",0,0,18,0,21,1
bad,b'GET',b'',b'/data/guide.js/c3c5895e-585b-4bd7-4e19-6f51bab34f7a?id=132&jzb=eJyVjz9vwyAQR78LXetw_A_eOnauOkdnOBIrKbaARKqqfPeQDp7b7fST3oP3w25zndtS3iMbmQMjIwlLEJIJNiXtLLlJkfEyTNJ4pQRq69grwxCWa26_mLXgk8AJnBPGgCHtURHGENDEaRIuOJOElR27lksHTq2tdeS8Yq5nLGesp29cR6W14i-8hj5zBUnjXtNgyKpBg4Nh78EPygaaBPkQg-FzTku3flHDiA3ZuPU8z_mfTRfMxyseqVOUD58f7L51bro_t3Z2xUK5vW2GPvVfPvVgOFguQar-7I1KnZfcZ7kTe7eDw1qWyO73B1Uzeag&v=2.187.0_prod&ct=1685937569150',"{b'Host': b'data.pendo.io\r', b'User-Agent': b'Mozilla/5.0 (Windows NT 10.0; Win64; x64; rv:109.0) Gecko/20100101 Firefox/114.0\r', b'Accept': b'*/*\r', b'Accept-Language': b'en-US,en;q=0.5\r', b'Accept-Encoding': b'gzip, deflate\r', b'Referer': b'https://sanskarkashyap:3443/\r', b'Sec-Fetch-Dest': b'script\r', b'Sec-Fetch-Mode': b'no-cors\r', b'Sec-Fetch-Site': b'cross-site\r', b'Te': b'trailers\r'}",0,0,19,0,21,1
bad,b'GET',b'',b'/data/guide.js/c3c5895e-585b-4bd7-4e19-6f51bab34f7a?id=133&jzb=eJyVj71u6zAMhd9FXYvol9K1t46di84BJVGOkVzZkOQAReF3j9LBc7sRB_wOP36z-1zntpT3yEbmBKhI0pIICYJNyThLzmuCQQWvYNBaorGOvTIMYdly-8GsFUOS6IVzEkAAmQE1YQwBIXovXXCQpFUd28qtA5fW1jpyXjHXK5Yr1ssXrqM2RvMX3rBM1Grf_k8NIzZk4-H5HOc_ut4wTxtO1CnK588Pth_-R92vf-jsioVyezsaetQtn_UCuLBcCaX72TuVOi-5x-ok_7mTOK9liWzfH2Z9bzQ&v=2.187.0_prod&ct=1685937575910',"{b'Host': b'data.pendo.io\r', b'User-Agent': b'Mozilla/5.0 (Windows NT 10.0; Win64; x64; rv:109.0) Gecko/20100101 Firefox/114.0\r', b'Accept': b'*/*\r', b'Accept-Language': b'en-US,en;q=0.5\r', b'Accept-Encoding': b'gzip, deflate\r', b'Referer': b'https://sanskarkashyap:3443/\r', b'Sec-Fetch-Dest': b'script\r', b'Sec-Fetch-Mode': b'no-cors\r', b'Sec-Fetch-Site': b'cross-site\r', b'Te': b'trailers\r'}",0,0,23,0,21,1
bad,b'GET',b'',b'/data/guide.js/c3c5895e-585b-4bd7-4e19-6f51bab34f7a?id=134&jzb=eJyVj7tu6zAQRP-FaQPzueSVupSpg9TGklzKgn0pgaQMBIH-3XQK1Um3GOCcnflm97nObSnvkY3MCVCRpCUREgSbknGWnNcEgwpewaC1RGMde2UYwrLl9oNZK4Yk0QvnJIAAMgNqwhgCQvReuuAgSas6tpVbBy6trXXkvGKuVyxXrJcvXEdtjOYvvGGZqFWOMXbiPzWM2JCNR9fnOf-x7w3ztOFEnaJ8_vxg-7Hh0P16R2dXLJTb22HoUW_51AvgwnIllO5v71TqvOQeq5P8507ivJYlsn1_AElucIw&v=2.187.0_prod&ct=1685937590326',"{b'Host': b'data.pendo.io\r', b'User-Agent': b'Mozilla/5.0 (Windows NT 10.0; Win64; x64; rv:109.0) Gecko/20100101 Firefox/114.0\r', b'Accept': b'*/*\r', b'Accept-Language': b'en-US,en;q=0.5\r', b'Accept-Encoding': b'gzip, deflate\r', b'Referer': b'https://sanskarkashyap:3443/\r', b'Sec-Fetch-Dest': b'script\r', b'Sec-Fetch-Mode': b'no-cors\r', b'Sec-Fetch-Site': b'cross-site\r', b'Te': b'trailers\r'}",0,0,20,0,21,1
bad,b'GET',b'',b'/api/v1/targets/e3e1c924-5cf0-48dc-97d7-5460a30b3da8',"{b'Host': b'sanskarkashyap:3443\r', b'Cookie': b'ui_session=2986ad8c0a5b3df4d7028d5f3c06e936c6487e5b6ce79269f4e8e4df5bbd4cd76906239582e05e17b89676301a772132bae6017ff2baeb068e200cf7a736c8501\r', b'User-Agent': b'Mozilla/5.0 (Windows NT 10.0; Win64; x64; rv:109.0) Gecko/20100101 Firefox/114.0\r', b'Accept': b'application/json, text/plain, */*\r', b'Accept-Language': b'en-US,en;q=0.5\r', b'Accept-Encoding': b'gzip, deflate\r', b'X-Auth': b'2986ad8c0a5b3df4d7028d5f3c06e936c6487e5b6ce79269f4e8e4df5bbd4cd76906239582e05e17b89676301a772132bae6017ff2baeb068e200cf7a736c8501\r', b'Referer': b'https://sanskarkashyap:3443/\r', b'Sec-Fetch-Dest': b'empty\r', b'Sec-Fetch-Mode': b'cors\r', b'Sec-Fetch-Site': b'same-origin\r', b'Te': b'trailers\r', b'Connection': b'close\r'}",0,0,16,0,26,0
bad,b'GET',b'',b'/api/v1/targets/e3e1c924-5cf0-48dc-97d7-5460a30b3da8/configuration',"{b'Host': b'sanskarkashyap:3443\r', b'Cookie': b'ui_session=2986ad8c0a5b3df4d7028d5f3c06e936c6487e5b6ce79269f4e8e4df5bbd4cd76906239582e05e17b89676301a772132bae6017ff2baeb068e200cf7a736c8501\r', b'User-Agent': b'Mozilla/5.0 (Windows NT 10.0; Win64; x64; rv:109.0) Gecko/20100101 Firefox/114.0\r', b'Accept': b'application/json, text/plain, */*\r', b'Accept-Language': b'en-US,en;q=0.5\r', b'Accept-Encoding': b'gzip, deflate\r', b'X-Auth': b'2986ad8c0a5b3df4d7028d5f3c06e936c6487e5b6ce79269f4e8e4df5bbd4cd76906239582e05e17b89676301a772132bae6017ff2baeb068e200cf7a736c8501\r', b'Referer': b'https://sanskarkashyap:3443/\r', b'Sec-Fetch-Dest': b'empty\r', b'Sec-Fetch-Mode': b'cors\r', b'Sec-Fetch-Site': b'same-origin\r', b'Te': b'trailers\r', b'Connection': b'close\r'}",0,0,16,0,26,0
bad,b'GET',b'',b'/api/v1/targets/e3e1c924-5cf0-48dc-97d7-5460a30b3da8/allowed_hosts',"{b'Host': b'sanskarkashyap:3443\r', b'Cookie': b'ui_session=2986ad8c0a5b3df4d7028d5f3c06e936c6487e5b6ce79269f4e8e4df5bbd4cd76906239582e05e17b89676301a772132bae6017ff2baeb068e200cf7a736c8501\r', b'User-Agent': b'Mozilla/5.0 (Windows NT 10.0; Win64; x64; rv:109.0) Gecko/20100101 Firefox/114.0\r', b'Accept': b'application/json, text/plain, */*\r', b'Accept-Language': b'en-US,en;q=0.5\r', b'Accept-Encoding': b'gzip, deflate\r', b'X-Auth': b'2986ad8c0a5b3df4d7028d5f3c06e936c6487e5b6ce79269f4e8e4df5bbd4cd76906239582e05e17b89676301a772132bae6017ff2baeb068e200cf7a736c8501\r', b'Referer': b'https://sanskarkashyap:3443/\r', b'Sec-Fetch-Dest': b'empty\r', b'Sec-Fetch-Mode': b'cors\r', b'Sec-Fetch-Site': b'same-origin\r', b'Te': b'trailers\r', b'Connection': b'close\r'}",0,0,16,0,26,0
bad,b'GET',b'',b'/api/v1/targets/e3e1c924-5cf0-48dc-97d7-5460a30b3da8/continuous_scan',"{b'Host': b'sanskarkashyap:3443\r', b'Cookie': b'ui_session=2986ad8c0a5b3df4d7028d5f3c06e936c6487e5b6ce79269f4e8e4df5bbd4cd76906239582e05e17b89676301a772132bae6017ff2baeb068e200cf7a736c8501\r', b'User-Agent': b'Mozilla/5.0 (Windows NT 10.0; Win64; x64; rv:109.0) Gecko/20100101 Firefox/114.0\r', b'Accept': b'application/json, text/plain, */*\r', b'Accept-Language': b'en-US,en;q=0.5\r', b'Accept-Encoding': b'gzip, deflate\r', b'X-Auth': b'2986ad8c0a5b3df4d7028d5f3c06e936c6487e5b6ce79269f4e8e4df5bbd4cd76906239582e05e17b89676301a772132bae6017ff2baeb068e200cf7a736c8501\r', b'Referer': b'https://sanskarkashyap:3443/\r', b'Sec-Fetch-Dest': b'empty\r', b'Sec-Fetch-Mode': b'cors\r', b'Sec-Fetch-Site': b'same-origin\r', b'Te': b'trailers\r', b'Connection': b'close\r'}",0,0,16,0,26,0
bad,b'GET',b'',b'/api/v1/targets/e3e1c924-5cf0-48dc-97d7-5460a30b3da8/configuration/workers',"{b'Host': b'sanskarkashyap:3443\r', b'Cookie': b'ui_session=2986ad8c0a5b3df4d7028d5f3c06e936c6487e5b6ce79269f4e8e4df5bbd4cd76906239582e05e17b89676301a772132bae6017ff2baeb068e200cf7a736c8501\r', b'User-Agent': b'Mozilla/5.0 (Windows NT 10.0; Win64; x64; rv:109.0) Gecko/20100101 Firefox/114.0\r', b'Accept': b'application/json, text/plain, */*\r', b'Accept-Language': b'en-US,en;q=0.5\r', b'Accept-Encoding': b'gzip, deflate\r', b'X-Auth': b'2986ad8c0a5b3df4d7028d5f3c06e936c6487e5b6ce79269f4e8e4df5bbd4cd76906239582e05e17b89676301a772132bae6017ff2baeb068e200cf7a736c8501\r', b'Referer': b'https://sanskarkashyap:3443/\r', b'Sec-Fetch-Dest': b'empty\r', b'Sec-Fetch-Mode': b'cors\r', b'Sec-Fetch-Site': b'same-origin\r', b'Te': b'trailers\r', b'Connection': b'close\r'}",0,0,16,0,26,0
bad,b'GET',b'',b'/data/guide.js/c3c5895e-585b-4bd7-4e19-6f51bab34f7a?id=135&jzb=eJyVjz9vwyAQR78LXetw_DkI3jp2rjpHZzgnVlLbAhKpqvLdQzp4brfTT3oP3o-4TWWqS35PohceUCdWjiGOGN04Wu_YD4Yx6DhoDMYoss6LV0ExLte5_mLOQRgVDeC9QgRkG8gwpRgJ0zAoHz2OyumGXfOlAada19JLWWguZ8pnKqdvWntjrZEvslI-ci2SDasYtO0wjtDZfYpd8Ml3aB2QgcEk2jflF1dKVEn0W8zznP4ZdKH5eKUjN4rnw-eHuG-Rm-7PoY1dKfNc3zZDm9ovn3pACU5q0KY9e-NcpmVus96pvd_BYc1LEvf7AxPfeNg&v=2.187.0_prod&ct=1685937608478',"{b'Host': b'data.pendo.io\r', b'User-Agent': b'Mozilla/5.0 (Windows NT 10.0; Win64; x64; rv:109.0) Gecko/20100101 Firefox/114.0\r', b'Accept': b'*/*\r', b'Accept-Language': b'en-US,en;q=0.5\r', b'Accept-Encoding': b'gzip, deflate\r', b'Referer': b'https://sanskarkashyap:3443/\r', b'Sec-Fetch-Dest': b'script\r', b'Sec-Fetch-Mode': b'no-cors\r', b'Sec-Fetch-Site': b'cross-site\r', b'Te': b'trailers\r'}",0,0,22,0,21,1
bad,b'GET',b'',b'/api/v1/targets/e3e1c924-5cf0-48dc-97d7-5460a30b3da8/configuration/imports',"{b'Host': b'sanskarkashyap:3443\r', b'Cookie': b'ui_session=2986ad8c0a5b3df4d7028d5f3c06e936c6487e5b6ce79269f4e8e4df5bbd4cd76906239582e05e17b89676301a772132bae6017ff2baeb068e200cf7a736c8501\r', b'User-Agent': b'Mozilla/5.0 (Windows NT 10.0; Win64; x64; rv:109.0) Gecko/20100101 Firefox/114.0\r', b'Accept': b'application/json, text/plain, */*\r', b'Accept-Language': b'en-US,en;q=0.5\r', b'Accept-Encoding': b'gzip, deflate\r', b'X-Auth': b'2986ad8c0a5b3df4d7028d5f3c06e936c6487e5b6ce79269f4e8e4df5bbd4cd76906239582e05e17b89676301a772132bae6017ff2baeb068e200cf7a736c8501\r', b'Referer': b'https://sanskarkashyap:3443/\r', b'Sec-Fetch-Dest': b'empty\r', b'Sec-Fetch-Mode': b'cors\r', b'Sec-Fetch-Site': b'same-origin\r', b'Te': b'trailers\r', b'Connection': b'close\r'}",0,0,16,0,26,0
bad,b'GET',b'',b'/api/v1/targets/e3e1c924-5cf0-48dc-97d7-5460a30b3da8/configuration/client_certificate',"{b'Host': b'sanskarkashyap:3443\r', b'Cookie': b'ui_session=2986ad8c0a5b3df4d7028d5f3c06e936c6487e5b6ce79269f4e8e4df5bbd4cd76906239582e05e17b89676301a772132bae6017ff2baeb068e200cf7a736c8501\r', b'User-Agent': b'Mozilla/5.0 (Windows NT 10.0; Win64; x64; rv:109.0) Gecko/20100101 Firefox/114.0\r', b'Accept': b'application/json, text/plain, */*\r', b'Accept-Language': b'en-US,en;q=0.5\r', b'Accept-Encoding': b'gzip, deflate\r', b'X-Auth': b'2986ad8c0a5b3df4d7028d5f3c06e936c6487e5b6ce79269f4e8e4df5bbd4cd76906239582e05e17b89676301a772132bae6017ff2baeb068e200cf7a736c8501\r', b'Referer': b'https://sanskarkashyap:3443/\r', b'Sec-Fetch-Dest': b'empty\r', b'Sec-Fetch-Mode': b'cors\r', b'Sec-Fetch-Site': b'same-origin\r', b'Te': b'trailers\r', b'Connection': b'close\r'}",0,0,16,0,26,0
bad,b'GET',b'',b'/api/v1/scans/fffad7e3-0ed5-4826-8054-c414b0571761',"{b'Host': b'sanskarkashyap:3443\r', b'Cookie': b'ui_session=2986ad8c0a5b3df4d7028d5f3c06e936c6487e5b6ce79269f4e8e4df5bbd4cd76906239582e05e17b89676301a772132bae6017ff2baeb068e200cf7a736c8501\r', b'User-Agent': b'Mozilla/5.0 (Windows NT 10.0; Win64; x64; rv:109.0) Gecko/20100101 Firefox/114.0\r', b'Accept': b'application/json, text/plain, */*\r', b'Accept-Language': b'en-US,en;q=0.5\r', b'Accept-Encoding': b'gzip, deflate\r', b'X-Auth': b'2986ad8c0a5b3df4d7028d5f3c06e936c6487e5b6ce79269f4e8e4df5bbd4cd76906239582e05e17b89676301a772132bae6017ff2baeb068e200cf7a736c8501\r', b'Referer': b'https://sanskarkashyap:3443/\r', b'Sec-Fetch-Dest': b'empty\r', b'Sec-Fetch-Mode': b'cors\r', b'Sec-Fetch-Site': b'same-origin\r', b'Te': b'trailers\r', b'Connection': b'close\r'}",0,0,16,0,26,0
bad,b'GET',b'',b'/data/guide.js/c3c5895e-585b-4bd7-4e19-6f51bab34f7a?id=136&jzb=eJyVjz9vwyAQR78LXetw_DmIvXXsXHWOznAkVlJsGRKpqvLdQzp4brfTT3oP3o-4TWWq8_oexSA8oI6sHENIGFxK1jv2o2HsdRg19sYoss6LV0EhzNdcfzHnoE-KRvBeIQKy7ckwxRAI4zgqHzwm5XTDruulAadalzJIWSiXM61nKqdvWgZjrZEvsoQ2y5QSRc-mA47Y2b123R7QdsEqOwJ65Z2SU05zs35xpUiVxLD1PM_pn00XyscrHblRnA-fH-K-dW66P7c2dqGVc33bDG1qv3zqASU4qUGb9uyN1zLNuc16p_Z-B4dlnaO43x86ynly&v=2.187.0_prod&ct=1685937615121',"{b'Host': b'data.pendo.io\r', b'User-Agent': b'Mozilla/5.0 (Windows NT 10.0; Win64; x64; rv:109.0) Gecko/20100101 Firefox/114.0\r', b'Accept': b'*/*\r', b'Accept-Language': b'en-US,en;q=0.5\r', b'Accept-Encoding': b'gzip, deflate\r', b'Referer': b'https://sanskarkashyap:3443/\r', b'Sec-Fetch-Dest': b'script\r', b'Sec-Fetch-Mode': b'no-cors\r', b'Sec-Fetch-Site': b'cross-site\r', b'Te': b'trailers\r'}",0,0,23,0,21,1
bad,b'GET',b'',b'/api/v1/scans/fffad7e3-0ed5-4826-8054-c414b0571761/results/16ead6df-6f27-4b6a-864f-a3b00f679280/statistics',"{b'Host': b'sanskarkashyap:3443\r', b'Cookie': b'ui_session=2986ad8c0a5b3df4d7028d5f3c06e936c6487e5b6ce79269f4e8e4df5bbd4cd76906239582e05e17b89676301a772132bae6017ff2baeb068e200cf7a736c8501\r', b'User-Agent': b'Mozilla/5.0 (Windows NT 10.0; Win64; x64; rv:109.0) Gecko/20100101 Firefox/114.0\r', b'Accept': b'application/json, text/plain, */*\r', b'Accept-Language': b'en-US,en;q=0.5\r', b'Accept-Encoding': b'gzip, deflate\r', b'X-Auth': b'2986ad8c0a5b3df4d7028d5f3c06e936c6487e5b6ce79269f4e8e4df5bbd4cd76906239582e05e17b89676301a772132bae6017ff2baeb068e200cf7a736c8501\r', b'Referer': b'https://sanskarkashyap:3443/\r', b'Sec-Fetch-Dest': b'empty\r', b'Sec-Fetch-Mode': b'cors\r', b'Sec-Fetch-Site': b'same-origin\r', b'Te': b'trailers\r', b'Connection': b'close\r'}",0,0,20,0,26,0
bad,b'GET',b'',b'/data/guide.js/c3c5895e-585b-4bd7-4e19-6f51bab34f7a?id=137&jzb=eJyVj71u6zAMhd9FXYvol9K1t46di84BJVGOkVzZkOQAReF3j9LBc7sRB_wOP36z-1zntpT3yEbmBKhI0pIICYJNyThLzmuCQQWvYNBaorGOvTIMYdly-8GsFUOS6IVzEkAAmQE1YQwBIXovXXCQpFUd28qtA5fW1jpyXjHXK5Yr1ssXrqM2RvMX3rBM1Grf_k8NIzZk4-H5HOc_ut4wTxtO1CnK588Pth_-R92vf-jsioVyezsaetQtn_UCuLBcCaX72TuVOi-5x-ok_7mTOK9liWzfH2Z9bzQ&v=2.187.0_prod&ct=1685937619427',"{b'Host': b'data.pendo.io\r', b'User-Agent': b'Mozilla/5.0 (Windows NT 10.0; Win64; x64; rv:109.0) Gecko/20100101 Firefox/114.0\r', b'Accept': b'*/*\r', b'Accept-Language': b'en-US,en;q=0.5\r', b'Accept-Encoding': b'gzip, deflate\r', b'Referer': b'https://sanskarkashyap:3443/\r', b'Sec-Fetch-Dest': b'script\r', b'Sec-Fetch-Mode': b'no-cors\r', b'Sec-Fetch-Site': b'cross-site\r', b'Te': b'trailers\r'}",0,0,23,0,21,1
bad,b'GET',b'',b'/api/v1/scans?l=20',"{b'Host': b'sanskarkashyap:3443\r', b'Cookie': b'ui_session=2986ad8c0a5b3df4d7028d5f3c06e936c6487e5b6ce79269f4e8e4df5bbd4cd76906239582e05e17b89676301a772132bae6017ff2baeb068e200cf7a736c8501\r', b'User-Agent': b'Mozilla/5.0 (Windows NT 10.0; Win64; x64; rv:109.0) Gecko/20100101 Firefox/114.0\r', b'Accept': b'application/json, text/plain, */*\r', b'Accept-Language': b'en-US,en;q=0.5\r', b'Accept-Encoding': b'gzip, deflate\r', b'X-Auth': b'2986ad8c0a5b3df4d7028d5f3c06e936c6487e5b6ce79269f4e8e4df5bbd4cd76906239582e05e17b89676301a772132bae6017ff2baeb068e200cf7a736c8501\r', b'Referer': b'https://sanskarkashyap:3443/\r', b'Sec-Fetch-Dest': b'empty\r', b'Sec-Fetch-Mode': b'cors\r', b'Sec-Fetch-Site': b'same-origin\r', b'Te': b'trailers\r', b'Connection': b'close\r'}",0,0,12,0,26,0
bad,b'GET',b'',b'/data/guide.js/c3c5895e-585b-4bd7-4e19-6f51bab34f7a?id=138&jzb=eJyVj7tuwzAMRf9FXYvoSan21rFz0TmgJToxksqGJAcoCv97mA6e04244Lk8_BW3qU5tLh9J9CIoMIm0JxVHiH4cXfAUBkvQmTgY6KzV6HwQrwJjnNfc_jDvVTdqHFQIGkABuQ4tYYoRIQ2DDjHAqL1hbC1XBs6tLbWXsmKuFywXrOcfXHrrnJUvskaOefebGiZsKPrd8jFO_zS9Yj6teCKmKB-_PsW22-91T3_A7IKFcnvfGzhiy0e9Aqm8NMpYPnujUqc5c2wO-i0c1HEpcxLbdgdI7W5S&v=2.187.0_prod&ct=1685937621331',"{b'Host': b'data.pendo.io\r', b'User-Agent': b'Mozilla/5.0 (Windows NT 10.0; Win64; x64; rv:109.0) Gecko/20100101 Firefox/114.0\r', b'Accept': b'*/*\r', b'Accept-Language': b'en-US,en;q=0.5\r', b'Accept-Encoding': b'gzip, deflate\r', b'Referer': b'https://sanskarkashyap:3443/\r', b'Sec-Fetch-Dest': b'script\r', b'Sec-Fetch-Mode': b'no-cors\r', b'Sec-Fetch-Site': b'cross-site\r', b'Te': b'trailers\r'}",0,0,19,0,21,1
bad,b'GET',b'',b'/data/guide.js/c3c5895e-585b-4bd7-4e19-6f51bab34f7a?id=139&jzb=eJyVjz9vwyAQR78LXevw98D21rFz1Tk64EispNgyOFJV5buHdPDcbqef9B68H3abylTn9T2ykTkBKpK0JEKCYFMyzpLzmmBQwSsYtJZorGOvDEOYt1x_MWvFkCR64ZwEEEBmQE0YQ0CI3ksXHCRpVcO29dqAc61LGTkvmMsF1wuW8zcuozZG8xdeQps5ph6NJOo8StsZ8rbryZuOfPQm9MJYUHzKaW7WL6oYsSIb957nOf2z6Yr5tOGJGkX5-PnB7nvnrvtza2MXXCnXt93QpvbLp14AF5YroXR79kZrmebcZnWQvTuI47LOkd3vDznaeoo&v=2.187.0_prod&ct=1685937626741',"{b'Host': b'data.pendo.io\r', b'User-Agent': b'Mozilla/5.0 (Windows NT 10.0; Win64; x64; rv:109.0) Gecko/20100101 Firefox/114.0\r', b'Accept': b'*/*\r', b'Accept-Language': b'en-US,en;q=0.5\r', b'Accept-Encoding': b'gzip, deflate\r', b'Referer': b'https://sanskarkashyap:3443/\r', b'Sec-Fetch-Dest': b'script\r', b'Sec-Fetch-Mode': b'no-cors\r', b'Sec-Fetch-Site': b'cross-site\r', b'Te': b'trailers\r'}",0,0,17,0,21,1
bad,b'GET',b'',b'/success.txt?ipv4',"{b'Host': b'detectportal.firefox.com\r', b'User-Agent': b'Mozilla/5.0 (Windows NT 10.0; Win64; x64; rv:109.0) Gecko/20100101 Firefox/114.0\r', b'Accept': b'*/*\r', b'Accept-Language': b'en-US,en;q=0.5\r', b'Accept-Encoding': b'gzip, deflate\r', b'Connection': b'close\r', b'Pragma': b'no-cache\r', b'Cache-Control': b'no-cache\r'}",0,0,7,0,19,0
bad,b'GET',b'',b'/success.txt?ipv6',"{b'Host': b'detectportal.firefox.com\r', b'User-Agent': b'Mozilla/5.0 (Windows NT 10.0; Win64; x64; rv:109.0) Gecko/20100101 Firefox/114.0\r', b'Accept': b'*/*\r', b'Accept-Language': b'en-US,en;q=0.5\r', b'Accept-Encoding': b'gzip, deflate\r', b'Connection': b'close\r', b'Pragma': b'no-cache\r', b'Cache-Control': b'no-cache\r'}",0,0,7,0,19,0
bad,b'GET',b'',b'/canonical.html',"{b'Host': b'detectportal.firefox.com\r', b'User-Agent': b'Mozilla/5.0 (Windows NT 10.0; Win64; x64; rv:109.0) Gecko/20100101 Firefox/114.0\r', b'Accept': b'*/*\r', b'Accept-Language': b'en-US,en;q=0.5\r', b'Accept-Encoding': b'gzip, deflate\r', b'Cache-Control': b'no-cache\r', b'Pragma': b'no-cache\r', b'Connection': b'close\r'}",0,0,7,0,19,0
bad,b'GET',b'',b'/data/guide.js/c3c5895e-585b-4bd7-4e19-6f51bab34f7a?id=140&jzb=eJyVj7tuwzAMRf9FXYvoSan21rFz0TmgJToxksqGJAcoCv97mA6e04244Lk8_BW3qU5tLh9J9CIoMIm0JxVHiH4cXfAUBkvQmTgY6KzV6HwQrwJjnNfc_jDvVTdqHFQIGkABuQ4tYYoRIQ2DDjHAqL1hbC1XBs6tLbWXsmKuFywXrOcfXHrrnJUvskaOefebGiZsKPrd8jFO_zS9Yj6teCKmKB-_PsW22-91T3_A7IKFcnvfGzhiy0e9Aqm8NMpYPnujUqc5c2wO-i0c1HEpcxLbdgdI7W5S&v=2.187.0_prod&ct=1685937750592',"{b'Host': b'data.pendo.io\r', b'User-Agent': b'Mozilla/5.0 (Windows NT 10.0; Win64; x64; rv:109.0) Gecko/20100101 Firefox/114.0\r', b'Accept': b'*/*\r', b'Accept-Language': b'en-US,en;q=0.5\r', b'Accept-Encoding': b'gzip, deflate\r', b'Referer': b'https://sanskarkashyap:3443/\r', b'Sec-Fetch-Dest': b'script\r', b'Sec-Fetch-Mode': b'no-cors\r', b'Sec-Fetch-Site': b'cross-site\r', b'Te': b'trailers\r'}",0,0,19,0,21,1
bad,b'GET',b'',b'/data/guide.js/c3c5895e-585b-4bd7-4e19-6f51bab34f7a?id=141&jzb=eJyVjz9vwyAQR78LXetw_A_eOnauOkdnOBIrKbaARKqqfPeQDp7b7fST3oP3w25zndtS3iMbmQMjIwlLEJIJNiXtLLlJkfEyTNJ4pQRq69grwxCWa26_mLXgk8AJnBPGgCHtURHGENDEaRIuOJOElR27lksHTq2tdeS8Yq5nLGesp29cR6W14i-8hj5zBUnjXtNgyKpBg4Nh78EPygaaBPkQg-FzTku3flHDiA3ZuPU8z_mfTRfMxyseqVOUD58f7L51bro_t3Z2xUK5vW2GPvVfPvVgOFguQar-7I1KnZfcZ7kTe7eDw1qWyO73B1Uzeag&v=2.187.0_prod&ct=1685937754460',"{b'Host': b'data.pendo.io\r', b'User-Agent': b'Mozilla/5.0 (Windows NT 10.0; Win64; x64; rv:109.0) Gecko/20100101 Firefox/114.0\r', b'Accept': b'*/*\r', b'Accept-Language': b'en-US,en;q=0.5\r', b'Accept-Encoding': b'gzip, deflate\r', b'Referer': b'https://sanskarkashyap:3443/\r', b'Sec-Fetch-Dest': b'script\r', b'Sec-Fetch-Mode': b'no-cors\r', b'Sec-Fetch-Site': b'cross-site\r', b'Te': b'trailers\r'}",0,0,19,0,21,1
bad,b'GET',b'',b'/api/v1/scans/30f4a84e-5e63-4070-8909-36ceb1e9cdc5/results/6a6a3895-0cac-4fb5-9cdc-405d8e2bb685/crawldata/0/children',"{b'Host': b'sanskarkashyap:3443\r', b'Cookie': b'ui_session=2986ad8c0a5b3df4d7028d5f3c06e936c6487e5b6ce79269f4e8e4df5bbd4cd76906239582e05e17b89676301a772132bae6017ff2baeb068e200cf7a736c8501\r', b'User-Agent': b'Mozilla/5.0 (Windows NT 10.0; Win64; x64; rv:109.0) Gecko/20100101 Firefox/114.0\r', b'Accept': b'application/json, text/plain, */*\r', b'Accept-Language': b'en-US,en;q=0.5\r', b'Accept-Encoding': b'gzip, deflate\r', b'X-Auth': b'2986ad8c0a5b3df4d7028d5f3c06e936c6487e5b6ce79269f4e8e4df5bbd4cd76906239582e05e17b89676301a772132bae6017ff2baeb068e200cf7a736c8501\r', b'Referer': b'https://sanskarkashyap:3443/\r', b'Sec-Fetch-Dest': b'empty\r', b'Sec-Fetch-Mode': b'cors\r', b'Sec-Fetch-Site': b'same-origin\r', b'Te': b'trailers\r', b'Connection': b'close\r'}",0,0,20,0,26,0
bad,b'GET',b'',b'/api/v1/scans/30f4a84e-5e63-4070-8909-36ceb1e9cdc5/results/6a6a3895-0cac-4fb5-9cdc-405d8e2bb685/crawldata/2',"{b'Host': b'sanskarkashyap:3443\r', b'Cookie': b'ui_session=2986ad8c0a5b3df4d7028d5f3c06e936c6487e5b6ce79269f4e8e4df5bbd4cd76906239582e05e17b89676301a772132bae6017ff2baeb068e200cf7a736c8501\r', b'User-Agent': b'Mozilla/5.0 (Windows NT 10.0; Win64; x64; rv:109.0) Gecko/20100101 Firefox/114.0\r', b'Accept': b'application/json, text/plain, */*\r', b'Accept-Language': b'en-US,en;q=0.5\r', b'Accept-Encoding': b'gzip, deflate\r', b'X-Auth': b'2986ad8c0a5b3df4d7028d5f3c06e936c6487e5b6ce79269f4e8e4df5bbd4cd76906239582e05e17b89676301a772132bae6017ff2baeb068e200cf7a736c8501\r', b'Referer': b'https://sanskarkashyap:3443/\r', b'Sec-Fetch-Dest': b'empty\r', b'Sec-Fetch-Mode': b'cors\r', b'Sec-Fetch-Site': b'same-origin\r', b'Te': b'trailers\r', b'Connection': b'close\r'}",0,0,20,0,26,0
bad,b'GET',b'',b'/api/v1/scans/30f4a84e-5e63-4070-8909-36ceb1e9cdc5/results/6a6a3895-0cac-4fb5-9cdc-405d8e2bb685/crawldata/2/vulnerabilities?l=20&s=severity:desc',"{b'Host': b'sanskarkashyap:3443\r', b'Cookie': b'ui_session=2986ad8c0a5b3df4d7028d5f3c06e936c6487e5b6ce79269f4e8e4df5bbd4cd76906239582e05e17b89676301a772132bae6017ff2baeb068e200cf7a736c8501\r', b'User-Agent': b'Mozilla/5.0 (Windows NT 10.0; Win64; x64; rv:109.0) Gecko/20100101 Firefox/114.0\r', b'Accept': b'application/json, text/plain, */*\r', b'Accept-Language': b'en-US,en;q=0.5\r', b'Accept-Encoding': b'gzip, deflate\r', b'X-Auth': b'2986ad8c0a5b3df4d7028d5f3c06e936c6487e5b6ce79269f4e8e4df5bbd4cd76906239582e05e17b89676301a772132bae6017ff2baeb068e200cf7a736c8501\r', b'Referer': b'https://sanskarkashyap:3443/\r', b'Sec-Fetch-Dest': b'empty\r', b'Sec-Fetch-Mode': b'cors\r', b'Sec-Fetch-Site': b'same-origin\r', b'Te': b'trailers\r', b'Connection': b'close\r'}",0,0,20,0,26,0
bad,b'GET',b'',b'/api/v1/scans/30f4a84e-5e63-4070-8909-36ceb1e9cdc5/results/6a6a3895-0cac-4fb5-9cdc-405d8e2bb685/crawldata/1096/children',"{b'Host': b'sanskarkashyap:3443\r', b'Cookie': b'ui_session=2986ad8c0a5b3df4d7028d5f3c06e936c6487e5b6ce79269f4e8e4df5bbd4cd76906239582e05e17b89676301a772132bae6017ff2baeb068e200cf7a736c8501\r', b'User-Agent': b'Mozilla/5.0 (Windows NT 10.0; Win64; x64; rv:109.0) Gecko/20100101 Firefox/114.0\r', b'Accept': b'application/json, text/plain, */*\r', b'Accept-Language': b'en-US,en;q=0.5\r', b'Accept-Encoding': b'gzip, deflate\r', b'X-Auth': b'2986ad8c0a5b3df4d7028d5f3c06e936c6487e5b6ce79269f4e8e4df5bbd4cd76906239582e05e17b89676301a772132bae6017ff2baeb068e200cf7a736c8501\r', b'Referer': b'https://sanskarkashyap:3443/\r', b'Sec-Fetch-Dest': b'empty\r', b'Sec-Fetch-Mode': b'cors\r', b'Sec-Fetch-Site': b'same-origin\r', b'Te': b'trailers\r', b'Connection': b'close\r'}",0,0,20,0,26,0
bad,b'GET',b'',b'/data/guide.js/c3c5895e-585b-4bd7-4e19-6f51bab34f7a?id=142&jzb=eJyVkL1uwzAQg99FXevo9yfy1rFz0Tk4SedEiCsbkhygKPLuUTp4brcDgY_k8YfcUk1tKe-RjMQyLSJygyxMOphpUtag9RK1E8EL7aTkoIwlrwRCWLbcfjFjmJs4eGYt15ppVA4kQgwBdPSe22D1xI3o2FbmDlxaW-tIaYVcr1CuUC_fsI5SKUlfaA1dppJNCo4KB41GDopZNhwdc4M0AT1HF2LQtFfHobayhbYVpILetjljAZ_m1BLWnviFDSI0IOP-6_NM__x3hnze4Iydwnz6_CD3fYPd7s87dHaFgrm97Q5d6i2f9kxTZqhgQvbYG5aaltxlceBHe2CntSyR3O8PmdyEsQ&v=2.187.0_prod&ct=1685937763386',"{b'Host': b'data.pendo.io\r', b'User-Agent': b'Mozilla/5.0 (Windows NT 10.0; Win64; x64; rv:109.0) Gecko/20100101 Firefox/114.0\r', b'Accept': b'*/*\r', b'Accept-Language': b'en-US,en;q=0.5\r', b'Accept-Encoding': b'gzip, deflate\r', b'Referer': b'https://sanskarkashyap:3443/\r', b'Sec-Fetch-Dest': b'script\r', b'Sec-Fetch-Mode': b'no-cors\r', b'Sec-Fetch-Site': b'cross-site\r', b'Te': b'trailers\r'}",0,0,19,0,21,1
bad,b'GET',b'',b'/api/v1/events?q=resource_type:6;resource_id:6a6a3895-0cac-4fb5-9cdc-405d8e2bb685;',"{b'Host': b'sanskarkashyap:3443\r', b'Cookie': b'ui_session=2986ad8c0a5b3df4d7028d5f3c06e936c6487e5b6ce79269f4e8e4df5bbd4cd76906239582e05e17b89676301a772132bae6017ff2baeb068e200cf7a736c8501\r', b'User-Agent': b'Mozilla/5.0 (Windows NT 10.0; Win64; x64; rv:109.0) Gecko/20100101 Firefox/114.0\r', b'Accept': b'application/json, text/plain, */*\r', b'Accept-Language': b'en-US,en;q=0.5\r', b'Accept-Encoding': b'gzip, deflate\r', b'X-Auth': b'2986ad8c0a5b3df4d7028d5f3c06e936c6487e5b6ce79269f4e8e4df5bbd4cd76906239582e05e17b89676301a772132bae6017ff2baeb068e200cf7a736c8501\r', b'Referer': b'https://sanskarkashyap:3443/\r', b'Sec-Fetch-Dest': b'empty\r', b'Sec-Fetch-Mode': b'cors\r', b'Sec-Fetch-Site': b'same-origin\r', b'Te': b'trailers\r', b'Connection': b'close\r'}",0,0,16,0,26,0
bad,b'GET',b'',b'/data/guide.js/c3c5895e-585b-4bd7-4e19-6f51bab34f7a?id=143&jzb=eJyVjz9vwyAQR78LXetw_DkI3jp2rjpHZzgnVlJsGRKpqvLdQzp4bjf0k97j3o-4TWWq8_qeRC88oE6sHEMcMbpxtN6xHwxj0HHQGIxRZJ0Xr4JinK-5_mLOQRgVDeC9QgRkG8gwpRgJ0zAoHz2OyumGXddLA061LqWXslAuZ1rPVE7ftPTGWiNfZIltlgZGS3vLHbIznQUP3T5A6IyLPCgOMUWUfONcS_N-caVElUS_FT2f0z-rLpSPVzpyozgfPj_EfSvddH-ubexCazvwbTO0qV351ANKcFKDNu3bG69lmnOb9U7t_Q4Oyzoncb8_AI9kepE&v=2.187.0_prod&ct=1685937764091',"{b'Host': b'data.pendo.io\r', b'User-Agent': b'Mozilla/5.0 (Windows NT 10.0; Win64; x64; rv:109.0) Gecko/20100101 Firefox/114.0\r', b'Accept': b'*/*\r', b'Accept-Language': b'en-US,en;q=0.5\r', b'Accept-Encoding': b'gzip, deflate\r', b'Referer': b'https://sanskarkashyap:3443/\r', b'Sec-Fetch-Dest': b'script\r', b'Sec-Fetch-Mode': b'no-cors\r', b'Sec-Fetch-Site': b'cross-site\r', b'Te': b'trailers\r'}",0,0,21,0,21,1
bad,b'GET',b'',b'/data/guide.js/c3c5895e-585b-4bd7-4e19-6f51bab34f7a?id=144&jzb=eJyVjztuwzAQRO_CtJH5_ZjqUqYOUhtLcmUTViiBpAwEge9uOoXqpFsM8Gb2_ZBbqqkt5T2SkVimRURukIVJBzNNyhq0XqJ2InihnZQclLHklUAIy5bbL2YMcxMHz6zlWjONyoFEiCGAjt5zG6yeuBEd28rcgUtrax0prZDrFcoV6uUb1lEqJekLraHHVLJJwVHhoNHIQTHLhqNjbpAmoOfoQgya3rY5YwGf5tQS1j7whQ0iNCDjrvY80z_1ZsjnDc7YKcynzw9y35X3uj9rd3aFgrm97Q096l8-65mmzFDBhOyzNyw1LbnH4sCP9sBOa1kiud8f3B5-Tg&v=2.187.0_prod&ct=1685937764956',"{b'Host': b'data.pendo.io\r', b'User-Agent': b'Mozilla/5.0 (Windows NT 10.0; Win64; x64; rv:109.0) Gecko/20100101 Firefox/114.0\r', b'Accept': b'*/*\r', b'Accept-Language': b'en-US,en;q=0.5\r', b'Accept-Encoding': b'gzip, deflate\r', b'Referer': b'https://sanskarkashyap:3443/\r', b'Sec-Fetch-Dest': b'script\r', b'Sec-Fetch-Mode': b'no-cors\r', b'Sec-Fetch-Site': b'cross-site\r', b'Te': b'trailers\r'}",0,0,18,0,21,1
bad,b'GET',b'',b'/api/v1/scans/30f4a84e-5e63-4070-8909-36ceb1e9cdc5/results/6a6a3895-0cac-4fb5-9cdc-405d8e2bb685/vulnerabilities/3118192722410734762',"{b'Host': b'sanskarkashyap:3443\r', b'Cookie': b'ui_session=2986ad8c0a5b3df4d7028d5f3c06e936c6487e5b6ce79269f4e8e4df5bbd4cd76906239582e05e17b89676301a772132bae6017ff2baeb068e200cf7a736c8501\r', b'User-Agent': b'Mozilla/5.0 (Windows NT 10.0; Win64; x64; rv:109.0) Gecko/20100101 Firefox/114.0\r', b'Accept': b'application/json, text/plain, */*\r', b'Accept-Language': b'en-US,en;q=0.5\r', b'Accept-Encoding': b'gzip, deflate\r', b'X-Auth': b'2986ad8c0a5b3df4d7028d5f3c06e936c6487e5b6ce79269f4e8e4df5bbd4cd76906239582e05e17b89676301a772132bae6017ff2baeb068e200cf7a736c8501\r', b'Referer': b'https://sanskarkashyap:3443/\r', b'Sec-Fetch-Dest': b'empty\r', b'Sec-Fetch-Mode': b'cors\r', b'Sec-Fetch-Site': b'same-origin\r', b'Te': b'trailers\r', b'Connection': b'close\r'}",0,0,20,0,26,0
bad,b'GET',b'',b'/data/guide.js/c3c5895e-585b-4bd7-4e19-6f51bab34f7a?id=145&jzb=eJyVkL1u4zAQhN-FaSNz-S-quzL14WpjSa1swQolkJSBIPC7m06hOtctBvhmZueb3ecy1zV_jGxgDowcSViCOJlop0k7Sy4oMl7GII1XSqC2jr0zjHHdU_3BrAU_CQzgnDAGDGmPinCMEc0YgnDRmUlY2bA9Lw241rqVgfOCqdww37Bcv3AblNaKv_ESm8wVTBp7TZ0hqzoNDrreg--UjRQE-ThGw-_7kihjmJe5ztQgIXrhpZNSC3Cq1X-FflLFESuy4Xj3dc7_-fKC6bLjhRpF6fzvL3scMxx2v56isRtmSvXP4dCk1vJlD4aD5RKkarF3ymVeU5PlSfTuBOctryN7PJ5HDIJT&v=2.187.0_prod&ct=1685937766073',"{b'Host': b'data.pendo.io\r', b'User-Agent': b'Mozilla/5.0 (Windows NT 10.0; Win64; x64; rv:109.0) Gecko/20100101 Firefox/114.0\r', b'Accept': b'*/*\r', b'Accept-Language': b'en-US,en;q=0.5\r', b'Accept-Encoding': b'gzip, deflate\r', b'Referer': b'https://sanskarkashyap:3443/\r', b'Sec-Fetch-Dest': b'script\r', b'Sec-Fetch-Mode': b'no-cors\r', b'Sec-Fetch-Site': b'cross-site\r', b'Te': b'trailers\r'}",0,0,25,0,21,1
bad,b'GET',b'',b'/api/v1/scans/30f4a84e-5e63-4070-8909-36ceb1e9cdc5/results/6a6a3895-0cac-4fb5-9cdc-405d8e2bb685/vulnerabilities/3118192722410734762/http_response',"{b'Host': b'sanskarkashyap:3443\r', b'Cookie': b'ui_session=2986ad8c0a5b3df4d7028d5f3c06e936c6487e5b6ce79269f4e8e4df5bbd4cd76906239582e05e17b89676301a772132bae6017ff2baeb068e200cf7a736c8501\r', b'User-Agent': b'Mozilla/5.0 (Windows NT 10.0; Win64; x64; rv:109.0) Gecko/20100101 Firefox/114.0\r', b'Accept': b'application/json, text/plain, */*\r', b'Accept-Language': b'en-US,en;q=0.5\r', b'Accept-Encoding': b'gzip, deflate\r', b'X-Auth': b'2986ad8c0a5b3df4d7028d5f3c06e936c6487e5b6ce79269f4e8e4df5bbd4cd76906239582e05e17b89676301a772132bae6017ff2baeb068e200cf7a736c8501\r', b'Referer': b'https://sanskarkashyap:3443/\r', b'Sec-Fetch-Dest': b'empty\r', b'Sec-Fetch-Mode': b'cors\r', b'Sec-Fetch-Site': b'same-origin\r', b'Te': b'trailers\r', b'Connection': b'close\r'}",0,0,20,0,26,0
bad,b'GET',b'',b'/data/guide.js/c3c5895e-585b-4bd7-4e19-6f51bab34f7a?id=146&jzb=eJyVj7tuwzAMRf9FXYvoSan21rFz0TmgJToxksqGJAcoCv97mA6e04244Lk8_BW3qU5tLh9J9CIoMIm0JxVHiH4cXfAUBkvQmTgY6KzV6HwQrwJjnNfc_jDvVTdqHFQIGkABuQ4tYYoRIQ2DDjHAqL1hbC1XBs6tLbWXsmKuFywXrOcfXHrrnJUvskaOefebGiZsKPrd8jFO_zS9Yj6teCKmKB-_PsW22-91T3_A7IKFcnvfGzhiy0e9Aqm8NMpYPnujUqc5c2wO-i0c1HEpcxLbdgdI7W5S&v=2.187.0_prod&ct=1685937805126',"{b'Host': b'data.pendo.io\r', b'User-Agent': b'Mozilla/5.0 (Windows NT 10.0; Win64; x64; rv:109.0) Gecko/20100101 Firefox/114.0\r', b'Accept': b'*/*\r', b'Accept-Language': b'en-US,en;q=0.5\r', b'Accept-Encoding': b'gzip, deflate\r', b'Referer': b'https://sanskarkashyap:3443/\r', b'Sec-Fetch-Dest': b'script\r', b'Sec-Fetch-Mode': b'no-cors\r', b'Sec-Fetch-Site': b'cross-site\r', b'Te': b'trailers\r'}",0,0,19,0,21,1
bad,b'GET',b'',b'/data/guide.js/c3c5895e-585b-4bd7-4e19-6f51bab34f7a?id=147&jzb=eJyVjz9vwyAQR78LXevw98D21rFz1Tk64EispNgyOFJV5buHdPDcbqef9B68H3abylTn9T2ykTkBKpK0JEKCYFMyzpLzmmBQwSsYtJZorGOvDEOYt1x_MWvFkCR64ZwEEEBmQE0YQ0CI3ksXHCRpVcO29dqAc61LGTkvmMsF1wuW8zcuozZG8xdeQps5ph6NJOo8StsZ8rbryZuOfPQm9MJYUHzKaW7WL6oYsSIb957nOf2z6Yr5tOGJGkX5-PnB7nvnrvtza2MXXCnXt93QpvbLp14AF5YroXR79kZrmebcZnWQvTuI47LOkd3vDznaeoo&v=2.187.0_prod&ct=1685937808721',"{b'Host': b'data.pendo.io\r', b'User-Agent': b'Mozilla/5.0 (Windows NT 10.0; Win64; x64; rv:109.0) Gecko/20100101 Firefox/114.0\r', b'Accept': b'*/*\r', b'Accept-Language': b'en-US,en;q=0.5\r', b'Accept-Encoding': b'gzip, deflate\r', b'Referer': b'https://sanskarkashyap:3443/\r', b'Sec-Fetch-Dest': b'script\r', b'Sec-Fetch-Mode': b'no-cors\r', b'Sec-Fetch-Site': b'cross-site\r', b'Te': b'trailers\r'}",0,0,17,0,21,1
bad,b'GET',b'',b'/data/guide.js/c3c5895e-585b-4bd7-4e19-6f51bab34f7a?id=148&jzb=eJyVj7tuwzAMRf9FXYvoSan21rFz0TmgJToxksqGJAcoCv97mA6e04244Lk8_BW3qU5tLh9J9CIoMIm0JxVHiH4cXfAUBkvQmTgY6KzV6HwQrwJjnNfc_jDvVTdqHFQIGkABuQ4tYYoRIQ2DDjHAqL1hbC1XBs6tLbWXsmKuFywXrOcfXHrrnJUvskaOefebGiZsKPrd8jFO_zS9Yj6teCKmKB-_PsW22-91T3_A7IKFcnvfGzhiy0e9Aqm8NMpYPnujUqc5c2wO-i0c1HEpcxLbdgdI7W5S&v=2.187.0_prod&ct=1685937833633',"{b'Host': b'data.pendo.io\r', b'User-Agent': b'Mozilla/5.0 (Windows NT 10.0; Win64; x64; rv:109.0) Gecko/20100101 Firefox/114.0\r', b'Accept': b'*/*\r', b'Accept-Language': b'en-US,en;q=0.5\r', b'Accept-Encoding': b'gzip, deflate\r', b'Referer': b'https://sanskarkashyap:3443/\r', b'Sec-Fetch-Dest': b'script\r', b'Sec-Fetch-Mode': b'no-cors\r', b'Sec-Fetch-Site': b'cross-site\r', b'Te': b'trailers\r'}",0,0,19,0,21,1
bad,b'GET',b'',b'/data/guide.js/c3c5895e-585b-4bd7-4e19-6f51bab34f7a?id=149&jzb=eJyVjz9vwyAQR78LXetw_A_eOnauOkdnOBIrKbaARKqqfPeQDp7b7fST3oP3w25zndtS3iMbmQMjIwlLEJIJNiXtLLlJkfEyTNJ4pQRq69grwxCWa26_mLXgk8AJnBPGgCHtURHGENDEaRIuOJOElR27lksHTq2tdeS8Yq5nLGesp29cR6W14i-8hj5zBUnjXtNgyKpBg4Nh78EPygaaBPkQg-FzTku3flHDiA3ZuPU8z_mfTRfMxyseqVOUD58f7L51bro_t3Z2xUK5vW2GPvVfPvVgOFguQar-7I1KnZfcZ7kTe7eDw1qWyO73B1Uzeag&v=2.187.0_prod&ct=1685937836173',"{b'Host': b'data.pendo.io\r', b'User-Agent': b'Mozilla/5.0 (Windows NT 10.0; Win64; x64; rv:109.0) Gecko/20100101 Firefox/114.0\r', b'Accept': b'*/*\r', b'Accept-Language': b'en-US,en;q=0.5\r', b'Accept-Encoding': b'gzip, deflate\r', b'Referer': b'https://sanskarkashyap:3443/\r', b'Sec-Fetch-Dest': b'script\r', b'Sec-Fetch-Mode': b'no-cors\r', b'Sec-Fetch-Site': b'cross-site\r', b'Te': b'trailers\r'}",0,0,19,0,21,1
bad,b'GET',b'',b'/v1/buckets/monitor/collections/changes/changeset?_expected=%221685937434104%22',"{b'Host': b'firefox.settings.services.mozilla.com\r', b'User-Agent': b'Mozilla/5.0 (Windows NT 10.0; Win64; x64; rv:109.0) Gecko/20100101 Firefox/114.0\r', b'Accept': b'*/*\r', b'Accept-Language': b'en-US,en;q=0.5\r', b'Accept-Encoding': b'gzip, deflate\r', b'Sec-Fetch-Dest': b'empty\r', b'Sec-Fetch-Mode': b'no-cors\r', b'Sec-Fetch-Site': b'cross-site\r', b'Te': b'trailers\r', b'Connection': b'close\r'}",0,0,12,0,21,0
bad,b'GET',b'',b'/v1/buckets/security-state/collections/cert-revocations/changeset?_expected=1685937434104&_since=%221685761035652%22',"{b'Host': b'firefox.settings.services.mozilla.com\r', b'User-Agent': b'Mozilla/5.0 (Windows NT 10.0; Win64; x64; rv:109.0) Gecko/20100101 Firefox/114.0\r', b'Accept': b'application/json\r', b'Accept-Language': b'en-US,en;q=0.5\r', b'Accept-Encoding': b'gzip, deflate\r', b'Content-Type': b'application/json\r', b'Sec-Fetch-Dest': b'empty\r', b'Sec-Fetch-Mode': b'no-cors\r', b'Sec-Fetch-Site': b'cross-site\r', b'Te': b'trailers\r'}",0,0,15,0,21,0
bad,b'GET',b'',b'/chains/onecrl.content-signature.mozilla.org-2023-07-20-17-01-38.chain',"{b'Host': b'content-signature-2.cdn.mozilla.net\r', b'User-Agent': b'Mozilla/5.0 (Windows NT 10.0; Win64; x64; rv:109.0) Gecko/20100101 Firefox/114.0\r', b'Accept': b'*/*\r', b'Accept-Language': b'en-US,en;q=0.5\r', b'Accept-Encoding': b'gzip, deflate\r', b'Sec-Fetch-Dest': b'empty\r', b'Sec-Fetch-Mode': b'no-cors\r', b'Sec-Fetch-Site': b'cross-site\r', b'Te': b'trailers\r'}",0,0,21,0,20,0
bad,b'GET',b'',b'/',"{b'Host': b'push.services.mozilla.com\r', b'User-Agent': b'Mozilla/5.0 (Windows NT 10.0; Win64; x64; rv:109.0) Gecko/20100101 Firefox/114.0\r', b'Accept': b'*/*\r', b'Accept-Language': b'en-US,en;q=0.5\r', b'Accept-Encoding': b'gzip, deflate\r', b'Sec-WebSocket-Version': b'13\r', b'Origin': b'wss://push.services.mozilla.com/\r', b'Sec-WebSocket-Protocol': b'push-notification\r', b'Sec-WebSocket-Key': b'ndX/4U8mfsxEE8E+2zvIcA==\r', b'Connection': b'keep-alive, Upgrade\r', b'Sec-Fetch-Dest': b'websocket\r', b'Sec-Fetch-Mode': b'websocket\r', b'Sec-Fetch-Site': b'cross-site\r', b'Pragma': b'no-cache\r', b'Cache-Control': b'no-cache\r', b'Upgrade': b'websocket\r'}",0,0,22,0,28,0
bad,b'GET',b'',b'/v1/buckets/monitor/collections/changes/changeset?_expected=%221685937434104%22&_since=%221685937434104%22',"{b'Host': b'firefox.settings.services.mozilla.com\r', b'User-Agent': b'Mozilla/5.0 (Windows NT 10.0; Win64; x64; rv:109.0) Gecko/20100101 Firefox/114.0\r', b'Accept': b'*/*\r', b'Accept-Language': b'en-US,en;q=0.5\r', b'Accept-Encoding': b'gzip, deflate\r', b'Sec-Fetch-Dest': b'empty\r', b'Sec-Fetch-Mode': b'no-cors\r', b'Sec-Fetch-Site': b'cross-site\r', b'Te': b'trailers\r'}",0,0,12,0,20,0
bad,b'GET',b'',b'/v3/firefox/global-recs?version=3&consumer_key=40249-e88c401e1b1f2242d9e441c4&locale_lang=en-US&region=IN&count=30',"{b'Host': b'getpocket.cdn.mozilla.net\r', b'User-Agent': b'Mozilla/5.0 (Windows NT 10.0; Win64; x64; rv:109.0) Gecko/20100101 Firefox/114.0\r', b'Accept': b'*/*\r', b'Accept-Language': b'en-US,en;q=0.5\r', b'Accept-Encoding': b'gzip, deflate\r', b'Sec-Fetch-Dest': b'empty\r', b'Sec-Fetch-Mode': b'cors\r', b'Sec-Fetch-Site': b'cross-site\r', b'Te': b'trailers\r', b'Connection': b'close\r'}",0,0,14,0,21,0
bad,b'GET',b'',b'/data/guide.js/c3c5895e-585b-4bd7-4e19-6f51bab34f7a?id=150&jzb=eJyVj71u6zAMhd9FXYvol9K1t46di84BJVGOkVzZkOQAReF3j9LBc7sRB_wOP36z-1zntpT3yEbmBKhI0pIICYJNyThLzmuCQQWvYNBaorGOvTIMYdly-8GsFUOS6IVzEkAAmQE1YQwBIXovXXCQpFUd28qtA5fW1jpyXjHXK5Yr1ssXrqM2RvMX3rBM1Grf_k8NIzZk4-H5HOc_ut4wTxtO1CnK588Pth_-R92vf-jsioVyezsaetQtn_UCuLBcCaX72TuVOi-5x-ok_7mTOK9liWzfH2Z9bzQ&v=2.187.0_prod&ct=1685938748476',"{b'Host': b'data.pendo.io\r', b'User-Agent': b'Mozilla/5.0 (Windows NT 10.0; Win64; x64; rv:109.0) Gecko/20100101 Firefox/114.0\r', b'Accept': b'*/*\r', b'Accept-Language': b'en-US,en;q=0.5\r', b'Accept-Encoding': b'gzip, deflate\r', b'Referer': b'https://sanskarkashyap:3443/\r', b'Sec-Fetch-Dest': b'script\r', b'Sec-Fetch-Mode': b'no-cors\r', b'Sec-Fetch-Site': b'cross-site\r', b'Te': b'trailers\r'}",0,0,23,0,21,1
bad,b'GET',b'',b'/data/guide.js/c3c5895e-585b-4bd7-4e19-6f51bab34f7a?id=151&jzb=eJyVjz9vwyAQR78LXetw_DmIvXXsXHWOznAkVlJsGRKpqvLdQzp4brfTT3oP3o-4TWWq8_oexSA8oI6sHENIGFxK1jv2o2HsdRg19sYoss6LV0EhzNdcfzHnoE-KRvBeIQKy7ckwxRAI4zgqHzwm5XTDruulAadalzJIWSiXM61nKqdvWgZjrZEvsoQ2y5QSRc-mA47Y2b123R7QdsEqOwJ65Z2SU05zs35xpUiVxLD1PM_pn00XyscrHblRnA-fH-K-dW66P7c2dqGVc33bDG1qv3zqASU4qUGb9uyN1zLNuc16p_Z-B4dlnaO43x86ynly&v=2.187.0_prod&ct=1685938750995',"{b'Host': b'data.pendo.io\r', b'User-Agent': b'Mozilla/5.0 (Windows NT 10.0; Win64; x64; rv:109.0) Gecko/20100101 Firefox/114.0\r', b'Accept': b'*/*\r', b'Accept-Language': b'en-US,en;q=0.5\r', b'Accept-Encoding': b'gzip, deflate\r', b'Referer': b'https://sanskarkashyap:3443/\r', b'Sec-Fetch-Dest': b'script\r', b'Sec-Fetch-Mode': b'no-cors\r', b'Sec-Fetch-Site': b'cross-site\r', b'Te': b'trailers\r'}",0,0,23,0,21,1
bad,b'POST',b'',b'/api/v1/targets/add',"{b'Host': b'sanskarkashyap:3443\r', b'Cookie': b'ui_session=2986ad8c0a5b3df4d7028d5f3c06e936c6487e5b6ce79269f4e8e4df5bbd4cd76906239582e05e17b89676301a772132bae6017ff2baeb068e200cf7a736c8501\r', b'User-Agent': b'Mozilla/5.0 (Windows NT 10.0; Win64; x64; rv:109.0) Gecko/20100101 Firefox/114.0\r', b'Accept': b'application/json, text/plain, */*\r', b'Accept-Language': b'en-US,en;q=0.5\r', b'Accept-Encoding': b'gzip, deflate\r', b'X-Auth': b'2986ad8c0a5b3df4d7028d5f3c06e936c6487e5b6ce79269f4e8e4df5bbd4cd76906239582e05e17b89676301a772132bae6017ff2baeb068e200cf7a736c8501\r', b'Content-Type': b'application/json\r', b'Content-Length': b'95\r', b'Origin': b'https://sanskarkashyap:3443\r', b'Referer': b'https://sanskarkashyap:3443/\r', b'Sec-Fetch-Dest': b'empty\r', b'Sec-Fetch-Mode': b'cors\r', b'Sec-Fetch-Site': b'same-origin\r', b'Te': b'trailers\r', b'Connection': b'close\r'}",0,12,14,4,29,0
bad,b'POST',b'',b'/api/v1/scans',"{b'Host': b'sanskarkashyap:3443\r', b'Cookie': b'ui_session=2986ad8c0a5b3df4d7028d5f3c06e936c6487e5b6ce79269f4e8e4df5bbd4cd76906239582e05e17b89676301a772132bae6017ff2baeb068e200cf7a736c8501\r', b'User-Agent': b'Mozilla/5.0 (Windows NT 10.0; Win64; x64; rv:109.0) Gecko/20100101 Firefox/114.0\r', b'Accept': b'application/json, text/plain, */*\r', b'Accept-Language': b'en-US,en;q=0.5\r', b'Accept-Encoding': b'gzip, deflate\r', b'X-Auth': b'2986ad8c0a5b3df4d7028d5f3c06e936c6487e5b6ce79269f4e8e4df5bbd4cd76906239582e05e17b89676301a772132bae6017ff2baeb068e200cf7a736c8501\r', b'Content-Type': b'application/json\r', b'Content-Length': b'245\r', b'Origin': b'https://sanskarkashyap:3443\r', b'Referer': b'https://sanskarkashyap:3443/\r', b'Sec-Fetch-Dest': b'empty\r', b'Sec-Fetch-Mode': b'cors\r', b'Sec-Fetch-Site': b'same-origin\r', b'Te': b'trailers\r', b'Connection': b'close\r'}",0,22,22,4,29,0
bad,b'POST',b'',b'/cdn-cgi/rum?',"{b'Host': b'kiit.ac.in\r', b'Cookie': b'_ga=GA1.1.514348337.1684868700; _ga_34QZ5P9757=GS1.1.1685937015.2.0.1685937015.0.0.0; _fbp=fb.2.1684868700175.217683283; _gid=GA1.3.380390387.1685937016; __cf_bm=4kI6P1hpJcGUxYiB7SYyRaZxZ8xaCQJtUqSkMhAq8WY-1685937013-0-AUYueKIhYncIkfZEPHukVHruquV0SmEXiUc3aWqanj08BWb8Rg/okFJMLOutuYrzuMNLguLysS9zLUpk4bfY99pkQANTj2OL+LJgGjoCYKvn\r', b'User-Agent': b'Mozilla/5.0 (Windows NT 10.0; Win64; x64; rv:109.0) Gecko/20100101 Firefox/114.0\r', b'Accept': b'*/*\r', b'Accept-Language': b'en-US,en;q=0.5\r', b'Accept-Encoding': b'gzip, deflate\r', b'Content-Type': b'application/json\r', b'Referer': b'https://kiit.ac.in/\r', b'Content-Length': b'446\r', b'Origin': b'https://kiit.ac.in\r', b'Sec-Fetch-Dest': b'empty\r', b'Sec-Fetch-Mode': b'cors\r', b'Sec-Fetch-Site': b'same-origin\r', b'Te': b'trailers\r'}",0,76,25,18,29,0
bad,b'POST',b'',b'/api/v1/targets/add',"{b'Host': b'sanskarkashyap:3443\r', b'Cookie': b'ui_session=2986ad8c0a5b3df4d7028d5f3c06e936c6487e5b6ce79269f4e8e4df5bbd4cd76906239582e05e17b89676301a772132bae6017ff2baeb068e200cf7a736c8501\r', b'User-Agent': b'Mozilla/5.0 (Windows NT 10.0; Win64; x64; rv:109.0) Gecko/20100101 Firefox/114.0\r', b'Accept': b'application/json, text/plain, */*\r', b'Accept-Language': b'en-US,en;q=0.5\r', b'Accept-Encoding': b'gzip, deflate\r', b'X-Auth': b'2986ad8c0a5b3df4d7028d5f3c06e936c6487e5b6ce79269f4e8e4df5bbd4cd76906239582e05e17b89676301a772132bae6017ff2baeb068e200cf7a736c8501\r', b'Content-Type': b'application/json\r', b'Content-Length': b'88\r', b'Origin': b'https://sanskarkashyap:3443\r', b'Referer': b'https://sanskarkashyap:3443/\r', b'Sec-Fetch-Dest': b'empty\r', b'Sec-Fetch-Mode': b'cors\r', b'Sec-Fetch-Site': b'same-origin\r', b'Te': b'trailers\r', b'Connection': b'close\r'}",0,12,14,4,29,0
bad,b'POST',b'',b'/api/v1/scans',"{b'Host': b'sanskarkashyap:3443\r', b'Cookie': b'ui_session=2986ad8c0a5b3df4d7028d5f3c06e936c6487e5b6ce79269f4e8e4df5bbd4cd76906239582e05e17b89676301a772132bae6017ff2baeb068e200cf7a736c8501\r', b'User-Agent': b'Mozilla/5.0 (Windows NT 10.0; Win64; x64; rv:109.0) Gecko/20100101 Firefox/114.0\r', b'Accept': b'application/json, text/plain, */*\r', b'Accept-Language': b'en-US,en;q=0.5\r', b'Accept-Encoding': b'gzip, deflate\r', b'X-Auth': b'2986ad8c0a5b3df4d7028d5f3c06e936c6487e5b6ce79269f4e8e4df5bbd4cd76906239582e05e17b89676301a772132bae6017ff2baeb068e200cf7a736c8501\r', b'Content-Type': b'application/json\r', b'Content-Length': b'245\r', b'Origin': b'https://sanskarkashyap:3443\r', b'Referer': b'https://sanskarkashyap:3443/\r', b'Sec-Fetch-Dest': b'empty\r', b'Sec-Fetch-Mode': b'cors\r', b'Sec-Fetch-Site': b'same-origin\r', b'Te': b'trailers\r', b'Connection': b'close\r'}",0,22,22,4,29,0
bad,b'POST',b'',b'/submit/firefox-desktop/baseline/1/c20a4bf0-4005-4075-8d0f-d83f9d862041',"{b'Host': b'incoming.telemetry.mozilla.org\r', b'User-Agent': b'Mozilla/5.0 (Windows NT 10.0; Win64; x64; rv:109.0) Gecko/20100101 Firefox/114.0\r', b'Accept': b'*/*\r', b'Accept-Language': b'en-US,en;q=0.5\r', b'Accept-Encoding': b'gzip, deflate\r', b'Content-Type': b'application/json; charset=utf-8\r', b'Content-Encoding': b'gzip\r', b'Content-Length': b'448\r', b'X-Telemetry-Agent': b'Glean/52.7.0 (Rust on Windows)\r', b'Date': b'Mon, 05 Jun 2023 04:00:39 GMT\r', b'Sec-Fetch-Dest': b'empty\r', b'Sec-Fetch-Mode': b'no-cors\r', b'Sec-Fetch-Site': b'none\r', b'Pragma': b'no-cache\r', b'Cache-Control': b'no-cache\r', b'Te': b'trailers\r'}",1,0,26,2,38,0
bad,b'POST',b'',b'/submit/telemetry/fc8e3c34-e1fa-4f53-8b1c-dc384f56c6af/third-party-modules/Firefox/114.0/aurora/20230525180143?v=4',"{b'Host': b'incoming.telemetry.mozilla.org\r', b'User-Agent': b'Mozilla/5.0 (Windows NT 10.0; Win64; x64; rv:109.0) Gecko/20100101 Firefox/114.0\r', b'Accept': b'*/*\r', b'Accept-Language': b'en-US,en;q=0.5\r', b'Accept-Encoding': b'gzip, deflate\r', b'Content-Type': b'application/json; charset=UTF-8\r', b'Date': b'Mon, 05 Jun 2023 04:08:21 GMT\r', b'Content-Encoding': b'gzip\r', b'Content-Length': b'4390\r', b'Sec-Fetch-Dest': b'empty\r', b'Sec-Fetch-Mode': b'no-cors\r', b'Sec-Fetch-Site': b'cross-site\r', b'Te': b'trailers\r'}",13,13,34,43,56,0
bad,b'POST',b'',b'/submit/telemetry/87fcb057-d4e6-4dff-b123-db28ff970b8c/event/Firefox/114.0/aurora/20230525180143?v=4',"{b'Host': b'incoming.telemetry.mozilla.org\r', b'User-Agent': b'Mozilla/5.0 (Windows NT 10.0; Win64; x64; rv:109.0) Gecko/20100101 Firefox/114.0\r', b'Accept': b'*/*\r', b'Accept-Language': b'en-US,en;q=0.5\r', b'Accept-Encoding': b'gzip, deflate\r', b'Content-Type': b'application/json; charset=UTF-8\r', b'Date': b'Mon, 05 Jun 2023 04:08:51 GMT\r', b'Content-Encoding': b'gzip\r', b'Content-Length': b'5364\r', b'Sec-Fetch-Dest': b'empty\r', b'Sec-Fetch-Mode': b'no-cors\r', b'Sec-Fetch-Site': b'cross-site\r', b'Te': b'trailers\r'}",18,19,43,46,42,0
